"","day","nitrate","pCO2_atmos","temp","wind","dNO3","pCO2","DIC","slDON","slDOC","airseaFlux","BML_DIC","BML_NO3"
"1",1,12,397,6.85177307320595,11.3,0,397,1996.99356748184,0,0,0,1996.99356748184,12
"2",2,12,396.998957168286,6.7640797930048,11.2996945992837,0,397,1996.99356748184,0,0,0,1996.99356748184,12
"3",3,12,396.995828983858,6.6773506614368,11.2987784881297,0,396.999995386206,1996.99356504157,0,0,-0.244027933984785,1996.99356748184,12
"4",4,12,396.990616378763,6.59161151961306,11.2972519394949,0,396.999976958292,1996.99355529487,0,0,-0.974670050177748,1996.99356748184,12
"5",5,12,396.983320906109,6.50688791367538,11.2951154082176,0,396.999935573162,1996.99353340587,0,0,-2.18889939257067,1996.99356748184,12
"6",6,12,396.973944739594,6.42320508718465,11.2923695308812,0,396.999862152988,1996.99349457323,0,0,-3.88326447396152,1996.99356748184,12
"7",7,12,396.962490672866,6.34058797359956,11.2890151256251,0,396.999747693119,1996.99343403427,0,0,-6.05389568494408,1996.99356748184,12
"8",8,12,396.948962118686,6.2590611888476,11.285053191901,0,396.999583269869,1996.99334706915,0,0,-8.69651223673275,1996.99356748184,12
"9",9,12,396.933363107913,6.17864902399066,11.2804849101745,0,396.999360048159,1996.99322900485,0,0,-11.806429617817,1996.99356748184,12
"10",10,12,396.915698288301,6.09937543798753,11.2753116415739,0,396.999069289017,1996.99307521918,0,0,-15.3785675491579,1996.99356748184,12
"11",11,12,396.895972923118,6.02126405055523,11.2695349274846,0,396.998702356918,1996.99288114459,0,0,-19.4074584188581,1996.99356748184,12
"12",12,12,396.874192889574,5.94433813513147,11.2631564890895,0,396.99825072696,1996.99264227203,0,0,-23.8872561773541,1996.99356748184,12
"13",13,12,396.850364677072,5.86862061194034,11.2561782268567,0,396.997705991862,1996.99235415457,0,0,-28.8117456732543,1996.99356748184,12
"14",14,12,396.824495385273,5.7941340411631,11.2486022199727,0,396.997059868776,1996.99201241105,0,0,-34.1743524086378,1996.99356748184,12
"15",15,12,396.796592721982,5.72090061621642,11.2404307257234,0,396.996304205928,1996.99161272952,0,0,-39.9681526954833,1996.99356748184,12
"16",16,12,396.766665000853,5.64894215713974,11.2316661788211,0,396.995430989027,1996.99115087068,0,0,-46.185884191687,1996.99356748184,12
"17",17,12,396.734721138905,5.57828010409398,11.2223111906794,0,396.994432347504,1996.99062267111,0,0,-52.8199567899608,1996.99356748184,12
"18",18,12,396.700770653875,5.50893551097339,11.2123685486349,0,396.993300560524,1996.99002404647,0,0,-59.8624638478124,1996.99356748184,12
"19",19,12,396.664823661375,5.44092903913253,11.201841215117,0,396.99202806277,1996.98935099454,0,0,-67.3051937276001,1996.99356748184,12
"20",20,12,396.62689087188,5.37428095123012,11.1907323267648,0,396.990607450031,1996.98859959812,0,0,-75.1396416265671,1996.99356748184,12
"21",21,12,396.586983587537,5.30901110519182,11.1790451934929,0,396.989031484536,1996.9877660279,0,0,-83.3570216792036,1996.99356748184,12
"22",22,12,396.545113698798,5.24513894829346,11.1667832975051,0,396.987293100069,1996.98684654511,0,0,-91.9482793016323,1996.99356748184,12
"23",23,12,396.501293680877,5.18268351136671,11.1539502922569,0,396.985385406845,1996.98583750407,0,0,-100.904103761985,1996.99356748184,12
"24",24,12,396.455536590033,5.1216634031288,11.1405500013667,0,396.983301696139,1996.98473535466,0,0,-110.214940951517,1996.99356748184,12
"25",25,12,396.407856059678,5.06209680463806,11.126586417477,0,396.981035444676,1996.9835366446,0,0,-119.87100633138,1996.99356748184,12
"26",26,12,396.358266296317,5.00400146387676,11.1120637010643,0,396.978580318771,1996.98223802162,0,0,-129.86229803947,1996.99356748184,12
"27",27,12,396.306782075317,4.94739469046313,11.0969861792,0,396.975930178215,1996.98083623552,0,0,-140.178610126436,1996.99356748184,12
"28",28,12,396.253418736499,4.89229335049389,11.0813583442604,0,396.973079079917,1996.97932814006,0,0,-150.809545906151,1996.99356748184,12
"29",29,12,396.198192179572,4.838713861519,11.0651848525891,0,396.970021281277,1996.97771069474,0,0,-161.744531394995,1996.99356748184,12
"30",30,12,396.141118859396,4.78667218764996,11.0484705231089,0,396.966751243318,1996.97598096646,0,0,-172.972828817335,1996.99356748184,12
"31",31,12,396.082215781075,4.73618383480335,11.0312203358863,0,396.963263633548,1996.97413613096,0,0,-184.48355015995,1996.99356748184,12
"32",32,12,396.021500494894,4.68726384608074,11.0134394306477,0,396.959553328571,1996.97217347425,0,0,-196.265670749848,1996.99356748184,12
"33",33,12,395.95899109109,4.63992679728662,10.9951331052479,0,396.955615416437,1996.97009039382,0,0,-208.308042838726,1996.99356748184,12
"34",34,12,395.89470619446,4.59418679258549,10.9763068140918,0,396.951445198738,1996.96788439973,0,0,-220.599409170418,1996.99356748184,12
"35",35,12,395.82866495881,4.55005746029947,10.9569661665088,0,396.947038192443,1996.96555311556,0,0,-233.128416515687,1996.99356748184,12
"36",36,12,395.760887061256,4.5075519488478,10.937116925082,0,396.942390131469,1996.96309427927,0,0,-245.88362915032,1996.99356748184,12
"37",37,12,395.69139269635,4.46668292282914,10.916765003931,0,396.937496968014,1996.96050574385,0,0,-258.853542259958,1996.99356748184,12
"38",38,12,395.620202570072,4.42746255924819,10.8959164669497,0,396.932354873623,1996.9577854779,0,0,-272.026595256585,1996.99356748184,12
"39",39,12,395.547337893658,4.38990254388751,10.8745775259997,0,396.926960240004,1996.95493156605,0,0,-285.391184982565,1996.99356748184,12
"40",40,12,395.472820377276,4.35401406782574,10.8527545390595,0,396.921309679599,1996.95194220926,0,0,-298.935678788598,1996.99356748184,12
"41",41,12,395.396672223565,4.31980782410316,10.8304540083297,0,396.915400025901,1996.94881572498,0,0,-312.648427471189,1996.99356748184,12
"42",42,12,395.318916121012,4.28729400453572,10.8076825782964,0,396.909228333539,1996.9455505472,0,0,-326.517778046627,1996.99356748184,12
"43",43,12,395.239575237198,4.25648229667831,10.7844470337508,0,396.902791878107,1996.94214522634,0,0,-340.53208635568,1996.99356748184,12
"44",44,12,395.15867321189,4.2273818809384,10.7607542977679,0,396.89608815577,1996.93859842904,0,0,-354.679729473694,1996.99356748184,12
"45",45,12,395.076234150004,4.20000142784068,10.7366114296439,0,396.889114882629,1996.93490893787,0,0,-368.949117920665,1996.99356748184,12
"46",46,12,394.992282614414,4.17434909544369,10.7120256227927,0,396.881869993855,1996.93107565079,0,0,-383.328707652902,1996.99356748184,12
"47",47,12,394.906843618643,4.15043252690906,10.6870042026026,0,396.874351642606,1996.92709758067,0,0,-397.807011822975,1996.99356748184,12
"48",48,12,394.819942619403,4.12825884822427,10.6615546242537,0,396.866558198716,1996.92297385455,0,0,-412.372612299553,1996.99356748184,12
"49",49,12,394.731605509013,4.10783466607942,10.6356844704967,0,396.858488247178,1996.91870371284,0,0,-427.01417093162,1996.99356748184,12
"50",50,12,394.641858607686,4.08916606589876,10.6094014493936,0,396.8501405864,1996.91428650843,0,0,-441.720440547259,1996.99356748184,12
"51",51,12,394.550728655681,4.07225861002752,10.5827133920209,0,396.84151422628,1996.90972170568,0,0,-456.480275676309,1996.99356748184,12
"52",52,12,394.458242805344,4.05711733607462,10.5556282501365,0,396.832608386054,1996.90500887925,0,0,-471.282642989835,1996.99356748184,12
"53",53,12,394.364428613011,4.04374675541168,10.5281540938104,0,396.823422491973,1996.90014771293,0,0,-486.116631440773,1996.99356748184,12
"54",54,12,394.269314030801,4.03215085182884,10.5002991090201,0,396.813956174779,1996.89513799831,0,0,-500.971462104522,1996.99356748184,12
"55",55,12,394.172927398285,4.02233308034784,10.4720715952119,0,396.804209267005,1996.88997963333,0,0,-515.836497707884,1996.99356748184,12
"56",56,12,394.075297434045,4.01429636619251,10.4434799628276,0,396.79418180009,1996.88467262082,0,0,-530.701251838439,1996.99356748184,12
"57",57,12,393.976453227118,4.00804310391726,10.4145327307989,0,396.783874001339,1996.87921706684,0,0,-545.55539782849,1996.99356748184,12
"58",58,12,393.876424228324,4.00357515669358,10.3852385240091,0,396.773286290697,1996.87361317906,0,0,-560.38877731005,1996.99356748184,12
"59",59,12,393.775240241494,4.0008938557549,10.3556060707234,0,396.762419277393,1996.86786126498,0,0,-575.191408429143,1996.99356748184,12
"60",60,12,393.672931414593,4,10.325644199988,0,396.751273756411,1996.86196173004,0,0,-589.953493722781,1996.99356748184,12
"61",61,12,393.569528230731,4,10.2953618389998,0,396.739850704826,1996.85591507577,0,0,-604.665427646351,1996.99356748184,12
"62",62,12,393.465061499085,4.0008938557549,10.2647680104463,0,396.728151304541,1996.84972191177,0,0,-619.316399229483,1996.99356748184,12
"63",63,12,393.359562345719,4.00357515669358,10.2338718298176,0,396.716176913554,1996.84338294062,0,0,-633.897115351557,1996.99356748184,12
"64",64,12,393.253062204306,4.00804310391726,10.2026825026897,0,396.703929034089,1996.83689894093,0,0,-648.399968674997,1996.99356748184,12
"65",65,12,393.14559280677,4.01429636619251,10.1712093219827,0,396.691409334405,1996.83027077899,0,0,-662.816194353047,1996.99356748184,12
"66",66,12,393.037186173823,4.02233308034784,10.139461665191,0,396.678619644509,1996.82349940647,0,0,-677.137252168284,1996.99356748184,12
"67",67,12,392.927874605429,4.03215085182884,10.1074489915899,0,396.665561951769,1996.81658585815,0,0,-691.354831906504,1996.99356748184,12
"68",68,12,392.81769067118,4.04374675541168,10.0751808394169,0,396.652238396424,1996.80953124957,0,0,-705.460858369083,1996.99356748184,12
"69",69,12,392.70666720059,4.05711733607462,10.0426668230299,0,396.638651267008,1996.80233677461,0,0,-719.447496020692,1996.99356748184,12
"70",70,12,392.594837273315,4.07225861002752,10.0099166300424,0,396.624802995689,1996.79500370307,0,0,-733.307153274309,1996.99356748184,12
"71",71,12,392.482234209298,4.08916606589876,9.9769400184372,0,396.610696153547,1996.78753337821,0,0,-747.032486414934,1996.99356748184,12
"72",72,12,392.368891558836,4.10783466607942,9.94374681365903,0,396.596333445761,1996.77992721418,0,0,-760.61640316341,1996.99356748184,12
"73",73,12,392.254843092589,4.12825884822427,9.91034690568691,0,396.581717706766,1996.77218669352,0,0,-774.052065878364,1996.99356748184,12
"74",74,12,392.140122791518,4.15043252690906,9.87675024608749,0,396.56685189532,1996.76431336457,0,0,-787.332894405444,1996.99356748184,12
"75",75,12,392.024764836756,4.17434909544369,9.84296684504996,0,396.551739089556,1996.75630883889,0,0,-800.452568567251,1996.99356748184,12
"76",76,12,391.908803599426,4.20000142784068,9.80900676840346,0,396.536382481981,1996.74817478859,0,0,-813.405030305438,1996.99356748184,12
"77",77,12,391.792273630403,4.2273818809384,9.77488013461797,0,396.520785374431,1996.73991294373,0,0,-826.184485472794,1996.99356748184,12
"78",78,12,391.675209650013,4.25648229667831,9.74059711178949,0,396.504951173024,1996.73152508968,0,0,-838.785405279606,1996.99356748184,12
"79",79,12,391.557646537694,4.28729400453572,9.70616791461044,0,396.488883383068,1996.7230130644,0,0,-851.202527401317,1996.99356748184,12
"80",80,12,391.439619321602,4.31980782410316,9.67160280132617,0,396.472585603967,1996.71437875584,0,0,-863.430856746986,1996.99356748184,12
"81",81,12,391.32116316817,4.35401406782574,9.63691207067848,0,396.456061524124,1996.70562409918,0,0,-875.465665897437,1996.99356748184,12
"82",82,12,391.202313371639,4.38990254388751,9.60210605883712,0,396.439314915831,1996.69675107423,0,0,-887.302495216327,1996.99356748184,12
"83",83,12,391.083105343532,4.42746255924819,9.56719513632008,0,396.422349630179,1996.6877617027,0,0,-898.937152637338,1996.99356748184,12
"84",84,12,390.96357460211,4.46668292282914,9.5321897049037,0,396.405169591954,1996.67865804557,0,0,-910.365713138754,1996.99356748184,12
"85",85,12,390.843756761787,4.5075519488478,9.49710019452341,0,396.387778794589,1996.66944220039,0,0,-921.584517901806,1996.99356748184,12
"86",86,12,390.723687522519,4.55005746029948,9.46193706016616,0,396.370181295097,1996.66011629866,0,0,-932.590173171447,1996.99356748184,12
"87",87,12,390.603402659164,4.59418679258549,9.42671077875527,0,396.352381209064,1996.65068250317,0,0,-943.379548812455,1996.99356748184,12
"88",88,12,390.48293801083,4.63992679728662,9.39143184602887,0,396.334382705661,1996.6411430054,0,0,-953.949776578653,1996.99356748184,12
"89",89,11.2,390.362329470189,4.68726384608074,9.35611077341263,-0.800000000000001,396.243429732454,1996.592928093,0,0,-964.298248094773,1996.99356748184,12
"90",90,10.4,390.241612972788,4.73618383480335,9.3207580848879,-0.799999999999999,386.352491089781,1991.26480236809,0,0,-962.51449811475,1998.31356748184,12.2
"91",91,9.6,390.120824486338,4.78667218764996,9.28538431385605,-0.800000000000001,376.911180310117,1986.01640755789,0,0,632.103796039941,1999.63356748184,12.4
"92",92,8.8,390,4.838713861519,9.25,-0.799999999999999,367.885860612247,1980.84301182882,0,0,2132.08541850581,2000.95356748184,12.6
"93",93,8,389.879175513662,4.89229335049389,9.21461568614395,-0.800000000000001,359.246280383564,1975.74023456065,0,0,3544.45463651674,2002.27356748184,12.8
"94",94,7.2,389.758387027212,4.94739469046313,9.1792419151121,-0.8,350.965153372031,1970.70401192461,0,0,4875.54727929168,2003.59356748184,13
"95",95,6.4,389.637670529811,5.00400146387676,9.14388922658737,-0.8,343.017800331961,1965.73056671715,0,0,6131.09585075962,2004.91356748184,13.2
"96",96,5.6,389.51706198917,5.06209680463806,9.10856815397113,-0.800000000000001,335.381841824441,1960.81638182673,0,0,7316.30219164288,2006.23356748184,13.4
"97",97,4.8,389.396597340836,5.12166340312881,9.07328922124473,-0.8,328.036933805663,1955.95817681552,0,0,8435.8997757523,2007.55356748184,13.6
"98",98,4,389.276312477481,5.18268351136671,9.03806293983384,-0.8,320.964539169595,1951.15288718224,0,0,9494.20733439316,2008.87356748184,13.8
"99",99,3.2,389.156243238213,5.24513894829346,9.00289980547659,-0.8,314.147729635019,1946.39764594187,0,0,10495.1751925772,2010.19356748184,14
"100",100,2.4,389.03642539789,5.30901110519182,8.96781029509631,-0.8,307.571013349,1941.68976721452,0,0,11442.4254531407,2011.51356748184,14.2
"101",101,1.6,388.916894656468,5.37428095123012,8.93280486367992,-0.8,301.220184371176,1937.02673156283,0,0,12339.2869661427,2012.83356748184,14.4
"102",102,0.8,388.797686628361,5.44092903913253,8.89789394116288,-0.8,295.082190845901,1932.40617285586,0,0,13188.8258605515,2014.15356748184,14.6
"103",103,0,388.67883683183,5.50893551097339,8.86308792932152,-0.8,289.145019192934,1927.82586647012,0,0,13993.8722851615,2015.47356748184,14.8
"104",104,0,388.560380678398,5.57828010409398,8.82839719867383,0,283.397592076144,1923.2837186651,0,0,14757.0438996654,2016.79356748184,15
"105",105,0,388.442353462306,5.64894215713974,8.79383208538956,0,284.367341330998,1924.0577569936,0,0,15480.766570009,2016.79356748184,15
"106",106,0,388.324790349987,5.72090061621642,8.75940288821051,0,285.324086350727,1924.81834395875,0,0,15211.739303067,2016.79356748184,15
"107",107,0,388.207726369597,5.7941340411631,8.72511986538203,0,286.267963457876,1925.56573165469,0,0,14947.7539186531,2016.79356748184,15
"108",108,0,388.091196400574,5.86862061194034,8.69099323159654,0,287.199111953506,1926.3001693574,0,0,14688.7540541891,2016.79356748184,15
"109",109,0,387.975235163244,5.94433813513147,8.65703315495004,0,288.117673902151,1927.02190347748,0,0,14434.6824017248,2016.79356748184,15
"110",110,0,387.859877208482,6.02126405055523,8.62324975391251,0,289.023793922277,1927.7311775176,0,0,14185.4808023441,2016.79356748184,15
"111",111,0,387.745156907411,6.09937543798753,8.5896530943131,0,289.917618982348,1928.42823203445,0,0,13941.0903371003,2016.79356748184,15
"112",112,0,387.631108441164,6.17864902399066,8.55625318634098,0,290.799298202587,1929.11330460518,0,0,13701.4514145063,2016.79356748184,15
"113",113,0,387.517765790702,6.2590611888476,8.5230599815628,0,291.668982662515,1929.78662979791,0,0,13466.5038546097,2016.79356748184,15
"114",114,0,387.405162726685,6.34058797359956,8.49008336995761,0,292.526825214296,1930.44843914639,0,0,13236.1869696877,2016.79356748184,15
"115",115,0,387.29333279941,6.42320508718465,8.45733317697009,0,293.37298030197,1931.09896112848,0,0,13010.4396416067,2016.79356748184,15
"116",116,0,387.18230932882,6.50688791367538,8.42481916058307,0,294.207603786535,1931.73842114827,0,0,12789.2003958913,2016.79356748184,15
"117",117,0,387.072125394571,6.59161151961306,8.39255100841009,0,295.03085277693,1932.3670415219,0,0,12572.4074725616,2016.79356748184,15
"118",118,0,386.962813826177,6.6773506614368,8.36053833480901,0,295.842885466903,1932.98504146659,0,0,12359.9988937903,2016.79356748184,15
"119",119,0,386.85440719323,6.7640797930048,8.32879067801732,0,296.64386097772,1933.59263709301,0,0,12151.912528444,2016.79356748184,15
"120",120,0,386.746937795694,6.85177307320595,8.29731749731027,0,297.433939206707,1934.19004140069,0,0,11948.0861535732,2016.79356748184,15
"121",121,0,386.640437654281,6.94040437365918,8.26612817018244,0,298.213280681569,1934.77746427633,0,0,11748.4575129187,2016.79356748184,15
"122",122,0,386.534938500915,7.02994728649851,8.23523198955366,0,298.982046420439,1935.35511249496,0,0,11552.964372503,2016.79356748184,15
"123",123,0,386.430471769269,7.12037513224128,8.20463816100022,0,299.740397797575,1935.92318972363,0,0,11361.5445733816,2016.79356748184,15
"124",124,0,386.327068585407,7.21166096773739,8.17435580001204,0,300.488496414659,1936.48189652771,0,0,11174.1360816253,2016.79356748184,15
"125",125,0,386.224759758506,7.30377759419703,8.14439392927664,0,301.226503977597,1937.03143037949,0,0,10990.6770356107,2016.79356748184,15
"126",126,0,386.123575771676,7.39669756529465,8.11476147599091,0,301.954582178737,1937.57198566903,0,0,10811.1057906947,2016.79356748184,15
"127",127,0,386.023546772882,7.49039319534661,8.08546726920113,0,302.67289258442,1938.10375371709,0,0,10635.360961349,2016.79356748184,15
"128",128,0,385.924702565955,7.58483656756019,8.05652003717242,0,303.381596527746,1938.62692279013,0,0,10463.381460833,2016.79356748184,15
"129",129,0,385.827072601715,7.67999954235149,8.02792840478809,0,304.080855006471,1939.14167811706,0,0,10295.1065384828,2016.79356748184,15
"130",130,0,385.730685969199,7.7758537657296,7.99970089097985,0,304.770828585907,1939.64820190779,0,0,10130.4758146919,2016.79356748184,15
"131",131,0,385.635571386989,7.87237067774479,7.9718459061896,0,305.451677306727,1940.14667337348,0,0,9969.42931366192,2016.79356748184,15
"132",132,0,385.541757194656,7.96952152099798,7.94437174986348,0,306.123560597548,1940.63726874818,0,0,9811.90749400062,2016.79356748184,15
"133",133,0,385.449271344319,8.06727734920906,7.91728660797907,0,306.78663719217,1941.12016131204,0,0,9657.85127723978,2016.79356748184,15
"134",134,0,385.358141392314,8.16560903584148,7.89059855060637,0,307.441065051365,1941.59552141576,0,0,9507.20207435183,2016.79356748184,15
"135",135,0,385.268394490987,8.2644872827806,7.86431552950325,0,308.087001289081,1942.06351650627,0,0,9359.90181033555,2016.79356748184,15
"136",136,0,385.180057380597,8.36388262906304,7.83844537574628,0,308.724602102916,1942.52431115362,0,0,9215.89294694426,2016.79356748184,15
"137",137,0,385.093156381357,8.46376545965472,7.81299579739739,0,309.354022708793,1942.9780670788,0,0,9075.11850363029,2016.79356748184,15
"138",138,0,385.007717385586,8.56410601427465,7.78797437720728,0,309.975417279634,1943.42494318264,0,0,8937.52207677065,2016.79356748184,15
"139",139,0,384.923765849996,8.66487439626211,7.76338857035608,0,310.588938887976,1943.8650955755,0,0,8803.04785724716,2016.79356748184,15
"140",140,0,384.84132678811,8.76604058148438,7.73924570223211,0,311.194739452343,1944.29867760782,0,0,8671.64064644407,2016.79356748184,15
"141",141,0,384.760424762802,8.8675744272825,7.71555296624924,0,311.79296968729,1944.72583990136,0,0,8543.24587073129,2016.79356748184,15
"142",142,0,384.681083878988,8.96944568145235,7.69231742170361,0,312.38377905697,1945.14673038109,0,0,8417.80959449386,2016.79356748184,15
"143",143,0,384.603327776435,9.07162399125831,7.66954599167029,0,312.967315732099,1945.56149430767,0,0,8295.27853177156,2016.79356748184,15
"144",144,0,384.527179622724,9.17407891247699,7.64724546094054,0,313.54372655021,1945.9702743105,0,0,8175.60005656795,2016.79356748184,15
"145",145,0,384.452662106342,9.27677991846806,7.62542247400027,0,314.113156979044,1946.3732104211,0,0,8058.72221188582,2016.79356748184,15
"146",146,0,384.379797429928,9.37969640926978,7.60408353305029,0,314.675751082992,1946.77044010697,0,0,7944.59371754796,2016.79356748184,15
"147",147,0,384.30860730365,9.48279772071628,7.58323499606901,0,315.231651492424,1947.16209830582,0,0,7833.16397685499,2016.79356748184,15
"148",148,0,384.239112938744,9.58605313357405,7.562883074918,0,315.780999375831,1947.54831745992,0,0,7724.38308213634,2016.79356748184,15
"149",149,0,384.17133504119,9.68943188269474,7.54303383349123,0,316.323934414627,1947.92922755089,0,0,7618.20181924105,2016.79356748184,15
"150",150,0,384.10529380554,9.79290316618175,7.52369318590824,0,316.860594780515,1948.30495613444,0,0,7514.57167102295,2016.79356748184,15
"151",151,0,384.04100890891,9.89643615456767,7.50486689475208,0,317.391117115289,1948.67562837543,0,0,7413.44481986265,2016.79356748184,15
"152",152,0,383.978499505106,10,7.48656056935232,0,317.915636512983,1949.04136708289,0,0,7314.77414927678,2016.79356748184,15
"153",153,0,383.917784218925,10.1035638454323,7.46877966411374,0,318.434286504233,1949.40229274513,0,0,7218.51324465378,2016.79356748184,15
"154",154,0,383.858881140604,10.2070968338182,7.45152947689114,0,318.947199042754,1949.75852356478,0,0,7124.61639316352,2016.79356748184,15
"155",155,0,383.801807820428,10.3105681173053,7.43481514741092,0,319.45450449384,1950.11017549393,0,0,7033.03858287847,2016.79356748184,15
"156",156,0,383.746581263501,10.4139468664259,7.4186416557396,0,319.956331624765,1950.45736226899,0,0,6943.73550114592,2016.79356748184,15
"157",157,0,383.693217924683,10.5172022792837,7.40301382080004,0,320.45280759699,1950.8001954456,0,0,6856.66353225058,2016.79356748184,15
"158",158,0,383.641733703683,10.6203035907302,7.38793629893565,0,320.944057960096,1951.13878443332,0,0,6771.77975440257,2016.79356748184,15
"159",159,0,383.592143940322,10.7232200815319,7.373413582523,0,321.430206647318,1951.47323653012,0,0,6689.04193608497,2016.79356748184,15
"160",160,0,383.544463409967,10.825921087523,7.35944999863329,0,321.911375972612,1951.80365695671,0,0,6608.40853179624,2016.79356748184,15
"161",161,0,383.498706319123,10.9283760087417,7.34604970774313,0,322.387686629153,1952.13014889057,0,0,6529.83867721755,2016.79356748184,15
"162",162,0,383.454886301202,11.0305543185477,7.3332167024949,0,322.859257689177,1952.45281349976,0,0,6453.29218383684,2016.79356748184,15
"163",163,0,383.413016412463,11.1324255727175,7.32095480650713,0,323.326206605083,1952.77174997642,0,0,6378.72953305838,2016.79356748184,15
"164",164,0,383.37310912812,11.2339594185156,7.30926767323525,0,323.788649211718,1953.08705556991,0,0,6306.11186982687,2016.79356748184,15
"165",165,0,383.335176338625,11.3351256037379,7.29815878488304,0,324.246699729739,1953.3988256197,0,0,6235.40099579171,2016.79356748184,15
"166",166,0,383.299229346125,11.4358939857253,7.28763145136509,0,324.700470770023,1953.7071535878,0,0,6166.55936203969,2016.79356748184,15
"167",167,0,383.265278861095,11.5362345403453,7.27768880932062,0,325.150073338984,1954.01213109087,0,0,6099.55006141744,2016.79356748184,15
"168",168,0,383.233334999147,11.636117370937,7.2683338211789,0,325.595616844781,1954.31384793189,0,0,6034.33682047169,2016.79356748184,15
"169",169,0,383.203407278018,11.7355127172194,7.25956927427659,0,326.037209104318,1954.61239213145,0,0,5970.88399102674,2016.79356748184,15
"170",170,0,383.175504614727,11.8343909641585,7.25139778002726,0,326.474956350957,1954.90784995852,0,0,5909.15654142229,2016.79356748184,15
"171",171,0,383.149635322928,11.9327226507909,7.24382177314329,0,326.908963242912,1955.20030596089,0,0,5849.1200474343,2016.79356748184,15
"172",172,0,383.125807110426,12.030478479002,7.23684351091047,0,327.33933287222,1955.48984299503,0,0,5790.74068289595,2016.79356748184,15
"173",173,0,383.104027076882,12.1276293222552,7.23046507251541,0,327.766166774251,1955.77654225554,0,0,5733.98521004077,2016.79356748184,15
"174",174,0,383.084301711699,12.2241462342704,7.22468835842607,0,328.189564937692,1956.06048330402,0,0,5678.82096958623,2016.79356748184,15
"175",175,0,383.066636892087,12.3200004576485,7.2195150898255,0,328.609625814943,1956.34174409754,0,0,5625.21587057434,2016.79356748184,15
"176",176,0,383.051037881314,12.4151634324398,7.21494680809899,0,329.026446332863,1956.62040101654,0,0,5573.1383799885,2016.79356748184,15
"177",177,0,383.037509327134,12.5096068046534,7.21098487437486,0,329.440121903833,1956.89652889215,0,0,5522.55751216278,2016.79356748184,15
"178",178,0,383.026055260406,12.6033024347054,7.20763046911885,0,329.850746437055,1957.17020103305,0,0,5473.44281799872,2016.79356748184,15
"179",179,0,383.016679093891,12.696222405803,7.20488459178244,0,330.258412350059,1957.44148925175,0,0,5425.76437400749,2016.79356748184,15
"180",180,0,383.009383621237,12.7883390322626,7.20274806050507,0,330.663210580364,1957.71046389031,0,0,5379.49277119114,2016.79356748184,15
"181",181,0,383.004171016142,12.8796248677587,7.20122151187031,0,331.065230597233,1957.9771938455,0,0,5334.59910377688,2016.79356748184,15
"182",182,0,383.001042831714,12.9700527135015,7.20030540071626,0,331.4645604135,1958.24174659339,0,0,5291.05495782203,2016.79356748184,15
"183",183,0,383,13.0595956263408,7.2,0,331.861286597411,1958.50418821338,0,0,5248.83239969949,2016.79356748184,15
"184",184,0,383.001042831714,13.148226926794,7.20030540071626,0,332.255494284439,1958.7645834116,0,0,5207.90396448025,2016.79356748184,15
"185",185,0,383.004171016142,13.2359202069952,7.20122151187031,0,332.647267189045,1959.02299554381,0,0,5168.2426442251,2016.79356748184,15
"186",186,0,383.009383621237,13.3226493385632,7.20274806050507,0,333.036687616324,1959.27948663762,0,0,5129.82187619833,2016.79356748184,15
"187",187,0,383.016679093891,13.4083884803869,7.20488459178244,0,333.423836473531,1959.53411741417,0,0,5092.61553101773,2016.79356748184,15
"188",188,0,383.026055260406,13.4931120863246,7.20763046911885,0,333.808793281425,1959.78694730921,0,0,5056.59790075098,2016.79356748184,15
"189",189,0,383.037509327134,13.5767949128154,7.21098487437486,0,334.191636185427,1960.03803449356,0,0,5021.74368697301,2016.79356748184,15
"190",190,0,383.051037881314,13.6594120264004,7.21494680809899,0,334.572441966523,1960.287435893,0,0,4988.02798879443,2016.79356748184,15
"191",191,0,383.066636892087,13.7409388111524,7.2195150898255,0,334.951286051921,1960.53520720754,0,0,4955.42629087637,2016.79356748184,15
"192",192,0,383.084301711699,13.8213509760093,7.22468835842607,0,335.328242525421,1960.78140293011,0,0,4923.91445143911,2016.79356748184,15
"193",193,0,383.104027076882,13.9006245620125,7.23046507251541,0,335.703384137456,1961.02607636463,0,0,4893.46869027976,2016.79356748184,15
"194",194,0,383.125807110426,13.9787359494448,7.23684351091047,0,336.076782314799,1961.26927964347,0,0,4864.06557680978,2016.79356748184,15
"195",195,0,383.149635322928,14.0556618648685,7.24382177314329,0,336.44850716992,1961.51106374437,0,0,4835.68201812411,2016.79356748184,15
"196",196,0,383.175504614727,14.1313793880597,7.25139778002726,0,336.818627509934,1961.75147850673,0,0,4808.29524711182,2016.79356748184,15
"197",197,0,383.203407278018,14.2058659588369,7.25956927427659,0,337.187210845175,1961.99057264726,0,0,4781.88281062381,2016.79356748184,15
"198",198,0,383.233334999147,14.2790993837836,7.2683338211789,0,337.554323397324,1962.22839377515,0,0,4756.42255770407,2016.79356748184,15
"199",199,0,383.265278861095,14.3510578428603,7.27768880932062,0,337.920030107112,1962.46498840654,0,0,4731.89262790096,2016.79356748184,15
"200",200,0,383.299229346125,14.421719895906,7.28763145136509,0,338.284394641571,1962.70040197852,0,0,4708.27143966706,2016.79356748184,15
"201",201,0,383.335176338625,14.4910644890266,7.29815878488304,0,338.647479400805,1962.93467886247,0,0,4685.53767885967,2016.79356748184,15
"202",202,0,383.37310912812,14.5590709608675,7.30926767323525,0,339.009345524299,1963.16786237684,0,0,4663.67028735581,2016.79356748184,15
"203",203,0,383.413016412463,14.6257190487699,7.32095480650713,0,339.370052896727,1963.39999479942,0,0,4642.64845178983,2016.79356748184,15
"204",204,0,383.454886301202,14.6909888948082,7.3332167024949,0,339.729660153259,1963.63111737905,0,0,4622.4515924292,2016.79356748184,15
"205",205,0,383.498706319123,14.7548610517065,7.34604970774313,0,340.088224684378,1963.86127034666,0,0,4603.05935219808,2016.79356748184,15
"206",206,0,383.544463409967,14.8173164886333,7.35944999863329,0,340.445802640158,1964.09049292595,0,0,4584.45158586058,2016.79356748184,15
"207",207,0,383.592143940322,14.8783365968712,7.373413582523,0,340.802448934051,1964.31882334342,0,0,4566.60834937762,2016.79356748184,15
"208",208,0,383.641733703683,14.9379031953619,7.38793629893565,0,341.158217246133,1964.54629883789,0,0,4549.50988944714,2016.79356748184,15
"209",209,0,383.693217924683,14.9959985361232,7.40301382080004,0,341.513160025836,1964.77295566955,0,0,4533.13663324167,2016.79356748184,15
"210",210,0,383.746581263501,15.0526053095369,7.4186416557396,0,341.867328494159,1964.99882912847,0,0,4517.46917835482,2016.79356748184,15
"211",211,0,383.801807820428,15.1077066495061,7.43481514741092,0,342.220772645345,1965.22395354262,0,0,4502.48828296777,2016.79356748184,15
"212",212,0,383.858881140604,15.161286138481,7.45152947689114,0,342.573541248051,1965.44836228543,0,0,4488.17485625142,2016.79356748184,15
"213",213,0,383.917784218925,15.21332781235,7.46877966411374,0,342.925681846005,1965.67208778288,0,0,4474.50994901251,2016.79356748184,15
"214",214,0,383.978499505106,15.2638161651967,7.48656056935232,0,343.277240758129,1965.89516152011,0,0,4461.47474459832,2016.79356748184,15
"215",215,0,384.04100890891,15.3127361539193,7.50486689475208,0,343.628263078191,1966.11761404762,0,0,4449.05055007406,2016.79356748184,15
"216",216,0,384.10529380554,15.3600732027134,7.52369318590824,0,343.978792673939,1966.339474987,0,0,4437.21878768095,2016.79356748184,15
"217",217,0,384.17133504119,15.4058132074145,7.54303383349123,0,344.328872185759,1966.56077303633,0,0,4425.96098659172,2016.79356748184,15
"218",218,0,384.239112938744,15.4499425397005,7.56288307491801,0,344.678543024862,1966.78153597508,0,0,4415.25877497397,2016.79356748184,15
"219",219,0,384.30860730365,15.4924480511522,7.58323499606901,0,345.027845371002,1967.0017906687,0,0,4405.09387237295,2016.79356748184,15
"220",220,0,384.379797429928,15.5333170771709,7.60408353305029,0,345.376818169765,1967.22156307282,0,0,4395.44808242955,2016.79356748184,15
"221",221,0,384.452662106342,15.5725374407518,7.62542247400027,0,345.725499129399,1967.44087823712,0,0,4386.30328593991,2016.79356748184,15
"222",222,0,384.527179622724,15.6100974561125,7.64724546094054,0,346.073924717267,1967.65976030883,0,0,4377.64143427597,2016.79356748184,15
"223",223,0,384.603327776435,15.6459859321743,7.66954599167029,0,346.422130155872,1967.87823253599,0,0,4369.44454317161,2016.79356748184,15
"224",224,0,384.681083878988,15.6801921758968,7.69231742170361,0,346.770149418533,1968.09631727033,0,0,4361.69468689229,2016.79356748184,15
"225",225,0,384.760424762802,15.7127059954643,7.71555296624924,0,347.118015224698,1968.31403596997,0,0,4354.37399279532,2016.79356748184,15
"226",226,0,384.84132678811,15.7435177033217,7.73924570223211,0,347.465759034924,1968.53140920179,0,0,4347.46463629392,2016.79356748184,15
"227",227,0,384.923765849996,15.7726181190616,7.76338857035608,0,347.813411045562,1968.7484566436,0,0,4340.94883623746,2016.79356748184,15
"228",228,0,385.007717385586,15.7999985721593,7.78797437720728,0,348.161000183153,1968.96519708613,0,0,4334.80885071484,2016.79356748184,15
"229",229,0,385.093156381357,15.8256509045563,7.81299579739739,0,348.508554098584,1969.1816484348,0,0,4329.02697329514,2016.79356748184,15
"230",230,0,385.180057380597,15.8495674730909,7.83844537574628,0,348.856099161004,1969.39782771128,0,0,4323.58552971315,2016.79356748184,15
"231",231,0,385.268394490987,15.8717411517757,7.86431552950325,0,349.203660451564,1969.61375105504,0,0,4318.46687501026,2016.79356748184,15
"232",232,0,385.358141392314,15.8921653339206,7.89059855060637,0,349.551261756983,1969.82943372459,0,0,4313.65339113931,2016.79356748184,15
"233",233,0,385.449271344319,15.9108339341012,7.91728660797908,0,349.898925562988,1970.04489009884,0,0,4309.12748504166,2016.79356748184,15
"234",234,0,385.541757194656,15.9277413899725,7.94437174986348,0,350.246673047659,1970.2601336782,0,0,4304.87158720578,2016.79356748184,15
"235",235,0,385.635571386989,15.9428826639254,7.9718459061896,0,350.594524074706,1970.47517708574,0,0,4300.86815071182,2016.79356748184,15
"236",236,0,385.730685969199,15.9562532445883,7.99970089097985,0,350.94249718673,1970.69003206828,0,0,4297.09965077235,2016.79356748184,15
"237",237,0,385.827072601715,15.9678491481712,8.02792840478809,0,351.290609598488,1970.90470949752,0,0,4293.54858477192,2016.79356748184,15
"238",238,0,385.924702565955,15.9776669196522,8.05652003717242,0,351.638877190206,1971.11921937116,0,0,4290.19747281274,2016.79356748184,15
"239",239,0,386.023546772882,15.9857036338075,8.08546726920113,0,351.98731450099,1971.3335708141,0,0,4287.02885876985,2016.79356748184,15
"240",240,0,386.123575771676,15.9919568960827,8.11476147599091,0,352.33593472235,1971.54777207969,0,0,4284.02531185886,2016.79356748184,15
"241",241,0,386.224759758506,15.9964248433064,8.14439392927664,0,352.684749691908,1971.76183055113,0,0,4281.16942872057,2016.79356748184,15
"242",242,0,386.327068585407,15.9991061442451,8.17435580001203,0,353.033769887304,1971.97575274293,0,0,4278.44383602151,2016.79356748184,15
"243",243,0,386.430471769269,16,8.20463816100022,0,353.383004420361,1972.18954430261,0,0,4275.83119357335,2016.79356748184,15
"244",244,0,386.534938500915,15.9991061442451,8.23523198955366,0,353.73246103155,1972.4032100125,0,0,4273.31419796976,2016.79356748184,15
"245",245,0,386.640437654281,15.9964248433064,8.26612817018244,0,354.082146084771,1972.61675379184,0,0,4270.87558673755,2016.79356748184,15
"246",246,0,386.746937795694,15.9919568960827,8.29731749731027,0,354.432064562552,1972.83017869899,0,0,4268.49814300481,2016.79356748184,15
"247",247,0,386.85440719323,15.9857036338075,8.32879067801732,0,354.78222006164,1973.04348693402,0,0,4266.16470067413,2016.79356748184,15
"248",248,0,386.962813826177,15.9776669196522,8.36053833480901,0,355.13261478908,1973.25667984153,0,0,4263.85815010369,2016.79356748184,15
"249",249,0,387.072125394571,15.9678491481712,8.39255100841009,0,355.483249558811,1973.46975791374,0,0,4261.56144428544,2016.79356748184,15
"250",250,0,387.18230932882,15.9562532445883,8.42481916058307,0,355.834123788811,1973.68272079402,0,0,4259.25760551421,2016.79356748184,15
"251",251,0,387.29333279941,15.9428826639254,8.45733317697009,0,356.18523549886,1973.89556728065,0,0,4256.9297325386,2016.79356748184,15
"252",252,0,387.405162726685,15.9277413899725,8.49008336995761,0,356.536581308929,1974.10829533106,0,0,4254.56100818419,2016.79356748184,15
"253",253,0,387.517765790702,15.9108339341012,8.5230599815628,0,356.888156438294,1974.32090206643,0,0,4252.13470743843,2016.79356748184,15
"254",254,0,387.631108441164,15.8921653339206,8.55625318634097,0,419.035477345088,2008.25518267629,0,0,-4385.17224671972,2008.25518267629,12
"255",255,0,387.745156907411,15.8717411517757,8.5896530943131,0,418.946631137445,2008.21129631846,0,0,-4388.63578334163,2008.21129631846,12
"256",256,0,387.859877208482,15.8495674730909,8.62324975391251,0,418.8577428421,2008.16737731099,0,0,-4391.90074721988,2008.16737731099,12
"257",257,0,387.975235163244,15.8256509045563,8.65703315495004,0,418.76881672975,2008.12342774265,0,0,-4394.95683409857,2008.12342774265,12
"258",258,0,388.091196400574,15.7999985721593,8.69099323159654,0,418.679857271412,2008.07944980351,0,0,-4397.79391374081,2008.07944980351,12
"259",259,0,388.207726369597,15.7726181190616,8.72511986538203,0,418.590869134404,2008.0354457831,0,0,-4400.40204113297,2008.0354457831,12
"260",260,0,388.324790349987,15.7435177033217,8.75940288821051,0,418.501857178089,2007.99141806842,0,0,-4402.77146767698,2007.99141806842,12
"261",261,0,388.442353462306,15.7127059954643,8.79383208538956,0,418.41282644942,2007.9473691419,0,0,-4404.89265235106,2007.9473691419,12
"262",262,0,388.560380678398,15.6801921758968,8.82839719867383,0,418.323782178252,2007.90330157917,0,0,-4406.75627281884,2007.90330157917,12
"263",263,0,388.67883683183,15.6459859321743,8.86308792932152,0,418.234729772449,2007.8592180468,0,0,-4408.35323646574,2007.8592180468,12
"264",264,0,388.797686628361,15.6100974561125,8.89789394116288,0,418.145674812776,2007.81512129989,0,0,-4409.67469134309,2007.81512129989,12
"265",265,0,388.916894656468,15.5725374407518,8.93280486367992,0,418.056623047575,2007.77101417952,0,0,-4410.71203699753,2007.77101417952,12
"266",266,0,389.03642539789,15.5333170771709,8.96781029509631,0,417.967580387244,2007.72689961017,0,0,-4411.45693516467,2007.72689961017,12
"267",267,0,389.156243238213,15.4924480511522,9.00289980547659,0,417.878552898511,2007.68278059697,0,0,-4411.9013203057,2007.68278059697,12
"268",268,0,389.276312477481,15.4499425397005,9.03806293983384,0,417.789546798502,2007.63866022287,0,0,-4412.03740996589,2007.63866022287,12
"269",269,0,389.396597340836,15.4058132074145,9.07328922124473,0,417.700568448617,2007.59454164572,0,0,-4411.85771493169,2007.59454164572,12
"270",270,0,389.51706198917,15.3600732027134,9.10856815397113,0,417.611624348234,2007.55042809523,0,0,-4411.3550491642,2007.55042809523,12
"271",271,0,389.637670529811,15.3127361539193,9.14388922658737,0,417.522721128193,2007.50632286983,0,0,-4410.52253949233,2007.50632286983,12
"272",272,0,389.758387027212,15.2638161651967,9.1792419151121,0,417.433865544149,2007.46222933348,0,0,-4409.35363503474,2007.46222933348,12
"273",273,0,389.879175513662,15.21332781235,9.21461568614395,0,417.345064469701,2007.41815091232,0,0,-4407.84211633919,2007.41815091232,12
"274",274,0,390,15.161286138481,9.25,0,417.256324889406,2007.37409109127,0,0,-4405.98210420823,2007.37409109127,12
"275",275,0,390.120824486338,15.1077066495061,9.28538431385604,0,417.167653891597,2007.33005341059,0,0,-4403.76806819895,2007.33005341059,12
"276",276,0,390.241612972788,15.0526053095369,9.3207580848879,0,417.079058661069,2007.28604146225,0,0,-4401.19483476859,2007.28604146225,12
"277",277,0,390.362329470189,14.9959985361232,9.35611077341263,0,416.99054647162,2007.24205888629,0,0,-4398.25759505048,2007.24205888629,12
"278",278,0,390.48293801083,14.9379031953619,9.39143184602887,0,416.902124678452,2007.19810936717,0,0,-4394.95191223726,2007.19810936717,12
"279",279,0,390.603402659164,14.8783365968712,9.42671077875527,0,416.813800710452,2007.15419662989,0,0,-4391.27372855305,2007.15419662989,12
"280",280,0,390.723687522519,14.8173164886333,9.46193706016616,0,416.725582062348,2007.11032443617,0,0,-4387.21937179605,2007.11032443617,12
"281",281,0,390.843756761787,14.7548610517065,9.49710019452341,0,416.637476286769,2007.06649658055,0,0,-4382.78556143127,2007.06649658055,12
"282",282,0,390.96357460211,14.6909888948082,9.5321897049037,0,416.549490986196,2007.02271688641,0,0,-4377.96941421725,2007.02271688641,12
"283",283,0,391.083105343532,14.6257190487699,9.56719513632008,0,416.461633804826,2006.97898920192,0,0,-4372.76844934915,2006.97898920192,12
"284",284,0,391.202313371639,14.5590709608675,9.60210605883712,0,416.373912420368,2006.93531739599,0,0,-4367.18059310047,2006.93531739599,12
"285",285,0,391.32116316817,14.4910644890266,9.63691207067848,0,416.286334535754,2006.89170535416,0,0,-4361.20418295112,2006.89170535416,12
"286",286,0,391.439619321602,14.421719895906,9.67160280132617,0,416.198907870809,2006.84815697445,0,0,-4354.83797118241,2006.84815697445,12
"287",287,0,391.557646537694,14.3510578428603,9.70616791461044,0,416.111640153869,2006.80467616317,0,0,-4348.0811279305,2006.80467616317,12
"288",288,0,391.675209650013,14.2790993837836,9.74059711178949,0,416.024539113363,2006.76126683073,0,0,-4340.93324368061,2006.76126683073,12
"289",289,0,391.792273630403,14.2058659588369,9.77488013461797,0,415.937612469371,2006.71793288742,0,0,-4333.39433119456,2006.71793288742,12
"290",290,0,391.908803599426,14.1313793880597,9.80900676840346,0,415.850867925172,2006.67467823915,0,0,-4325.46482685591,2006.67467823915,12
"291",291,0,392.024764836756,14.0556618648685,9.84296684504996,0,415.7643131588,2006.63150678324,0,0,-4317.14559142756,2006.63150678324,12
"292",292,0,392.140122791518,13.9787359494448,9.87675024608749,0,415.677955814594,2006.58842240413,0,0,-4308.4379102129,2006.58842240413,12
"293",293,0,392.254843092589,13.9006245620125,9.91034690568691,0,415.59180349479,2006.54542896921,0,0,-4299.34349260834,2006.54542896921,12
"294",294,0,392.368891558836,13.8213509760093,9.94374681365903,0,415.505863751136,2006.5025303245,0,0,-4289.8644710472,2006.5025303245,12
"295",295,0,392.482234209298,13.7409388111524,9.9769400184372,0,415.420144076569,2006.4597302905,0,0,-4280.00339932638,2006.4597302905,12
"296",296,0,392.594837273315,13.6594120264004,10.0099166300424,0,415.334651896931,2006.417032658,0,0,-4269.76325031408,2006.417032658,12
"297",297,0,392.70666720059,13.5767949128154,10.0426668230299,0,415.249394562785,2006.37444118387,0,0,-4259.14741303272,2006.37444118387,12
"298",298,0,392.81769067118,13.4931120863246,10.0751808394169,0,415.164379341291,2006.33195958698,0,0,-4248.1596891226,2006.33195958698,12
"299",299,0,392.927874605429,13.4083884803869,10.1074489915899,0,415.079613408198,2006.28959154409,0,0,-4236.80428867887,2006.28959154409,12
"300",300,0,393.037186173823,13.3226493385632,10.139461665191,0,414.995103839928,2006.24734068584,0,0,-4225.08582546994,2006.24734068584,12
"301",301,0,393.14559280677,13.2359202069952,10.1712093219827,0,414.910857605795,2006.20521059272,0,0,-4213.00931153546,2006.20521059272,12
"302",302,0,393.253062204306,13.148226926794,10.2026825026897,0,414.826881560354,2006.16320479121,0,0,-4200.58015117105,2006.16320479121,12
"303",303,0,393.359562345719,13.0595956263408,10.2338718298176,0,414.743182435884,2006.12132674987,0,0,-4187.80413430624,2006.12132674987,12
"304",304,0,393.465061499085,12.9700527135015,10.2647680104463,0,414.659766835044,2006.07957987557,0,0,-4174.68742927838,2006.07957987557,12
"305",305,0,393.569528230731,12.8796248677587,10.2953618389998,0,414.576641223683,2006.03796750982,0,0,-4161.2365750165,2006.03796750982,12
"306",306,0,393.672931414593,12.7883390322626,10.325644199988,0,414.493811923834,2005.9964929251,0,0,-4147.45847264082,2005.9964929251,12
"307",307,0,393.775240241494,12.696222405803,10.3556060707234,0,414.411285106897,2005.95515932133,0,0,-4133.36037649008,2005.95515932133,12
"308",308,0,393.876424228324,12.6033024347053,10.3852385240091,0,414.329066787026,2005.91396982249,0,0,-4118.94988459059,2005.91396982249,12
"309",309,0,393.976453227118,12.5096068046534,10.4145327307989,0,414.247162814715,2005.8729274732,0,0,-4104.23492857988,2005.8729274732,12
"310",310,0,394.075297434045,12.4151634324398,10.4434799628276,0,414.165578870621,2005.83203523557,0,0,-4089.22376309813,2005.83203523557,12
"311",311,0,394.172927398285,12.3200004576485,10.4720715952119,0,414.084320459603,2005.79129598602,0,0,-4073.92495466692,2005.79129598602,12
"312",312,0,394.269314030801,12.2241462342704,10.5002991090201,0,414.003392905007,2005.75071251232,0,0,-4058.34737007042,2005.75071251232,12
"313",313,0,394.364428613011,12.1276293222552,10.5281540938104,0,413.922801343196,2005.71028751068,0,0,-4042.50016425904,2005.71028751068,12
"314",314,0,394.458242805344,12.030478479002,10.5556282501365,0,413.842550718343,2005.670023583,0,0,-4026.39276779288,2005.670023583,12
"315",315,0,394.550728655681,11.9327226507909,10.5827133920209,0,413.762645777478,2005.62992323426,0,0,-4010.03487385146,2005.62992323426,12
"316",316,0,394.641858607686,11.8343909641585,10.6094014493936,0,413.683091065822,2005.58998887002,0,0,-3993.43642482355,2005.58998887002,12
"317",317,0,394.731605509013,11.7355127172194,10.6356844704967,0,413.603890922388,2005.55022279403,0,0,-3976.60759850812,2005.55022279403,12
"318",318,0,394.819942619403,11.636117370937,10.6615546242537,0,413.52504947587,2005.51062720609,0,0,-3959.55879394508,2005.51062720609,12
"319",319,0,394.906843618643,11.5362345403453,10.6870042026026,0,413.446570640834,2005.47120419992,0,0,-3942.30061690122,2005.47120419992,12
"320",320,0,394.992282614414,11.4358939857253,10.7120256227927,0,413.368458114194,2005.43195576127,0,0,-3924.84386504102,2005.43195576127,12
"321",321,0,395.076234150004,11.3351256037379,10.7366114296439,0,413.290715372006,2005.39288376614,0,0,-3907.19951280198,2005.39288376614,12
"322",322,0,395.15867321189,11.2339594185156,10.7607542977679,0,413.213345666546,2005.35398997918,0,0,-3889.37869600903,2005.35398997918,12
"323",323,0,395.239575237198,11.1324255727175,10.7844470337508,0,413.136352023734,2005.31527605222,0,0,-3871.3926962465,2005.31527605222,12
"324",324,0,395.318916121012,11.0305543185477,10.8076825782964,0,413.059737240838,2005.27674352297,0,0,-3853.25292502959,2005.27674352297,12
"325",325,0,395.396672223565,10.9283760087417,10.8304540083297,0,412.983503884524,2005.23839381389,0,0,-3834.97090778683,2005.23839381389,12
"326",326,0,395.472820377276,10.825921087523,10.8527545390595,0,412.907654289208,2005.20022823122,0,0,-3816.55826769948,2005.20022823122,12
"327",327,0,395.547337893658,10.7232200815319,10.8745775259997,0,412.832190555741,2005.16224796412,0,0,-3798.02670941486,2005.16224796412,12
"328",328,0,395.620202570072,10.6203035907302,10.8959164669497,0,412.757114550412,2005.1244540841,0,0,-3779.3880026718,2005.1244540841,12
"329",329,0,395.69139269635,10.5172022792837,10.916765003931,0,412.68242790428,2005.08684754444,0,0,-3760.65396586213,2005.08684754444,12
"330",330,0,395.760887061256,10.413946866426,10.937116925082,0,412.60813201282,2005.04942917994,0,0,-3741.83644956435,2005.04942917994,12
"331",331,0,395.82866495881,10.3105681173053,10.9569661665088,0,412.534228035911,2005.01219970674,0,0,-3722.94732007291,2005.01219970674,12
"332",332,0,395.89470619446,10.2070968338182,10.9763068140918,0,412.460716898128,2004.97515972231,0,0,-3703.99844296192,2004.97515972231,12
"333",333,0,395.95899109109,10.1035638454323,10.9951331052479,0,412.387599289356,2004.93830970564,0,0,-3685.00166670438,2004.93830970564,12
"334",334,0,396.021500494894,10,11.0134394306477,0,412.314875665743,2004.90165001758,0,0,-3665.968806382,2004.90165001758,12
"335",335,0,396.082215781075,9.89643615456767,11.0312203358863,0,412.24254625094,2004.8651809013,0,0,-3646.91162751677,2004.8651809013,12
"336",336,0,396.141118859396,9.79290316618175,11.0484705231089,0,412.170611037673,2004.828902483,0,0,-3627.84183004859,2004.828902483,12
"337",337,0,396.198192179572,9.68943188269474,11.0651848525891,0,412.099069789616,2004.79281477268,0,0,-3608.77103249232,2004.79281477268,12
"338",338,0,396.253418736499,9.58605313357405,11.0813583442604,0,412.027922043567,2004.75691766512,0,0,-3589.71075630031,2004.75691766512,12
"339",339,0,396.306782075317,9.48279772071628,11.0969861792,0,411.957167111922,2004.72121094101,0,0,-3570.67241046014,2004.72121094101,12
"340",340,0,396.358266296317,9.37969640926978,11.1120637010643,0,411.88680408545,2004.68569426825,0,0,-3551.66727635293,2004.68569426825,12
"341",341,0,396.407856059678,9.27677991846807,11.126586417477,0,411.816831836337,2004.65036720332,0,0,-3532.70649290196,2004.65036720332,12
"342",342,0,396.455536590033,9.17407891247699,11.1405500013667,0,411.747249021535,2004.6152291929,0,0,-3513.8010420325,2004.6152291929,12
"343",343,0,396.501293680877,9.07162399125831,11.1539502922569,0,411.678054086355,2004.58027957555,0,0,-3494.9617344766,2004.58027957555,12
"344",344,0,396.545113698798,8.96944568145234,11.1667832975051,0,411.609245268354,2004.54551758359,0,0,-3476.199195934,2004.54551758359,12
"345",345,0,396.586983587537,8.8675744272825,11.1790451934929,0,411.540820601463,2004.51094234506,0,0,-3457.52385362943,2004.51094234506,12
"346",346,0,396.62689087188,8.76604058148438,11.1907323267648,0,411.472777920362,2004.47655288583,0,0,-3438.94592327312,2004.47655288583,12
"347",347,0,396.664823661375,8.66487439626211,11.201841215117,0,411.405114865112,2004.44234813186,0,0,-3420.47539645419,2004.44234813186,12
"348",348,0,396.700770653875,8.56410601427465,11.2123685486349,0,411.337828885994,2004.40832691158,0,0,-3402.12202848824,2004.40832691158,12
"349",349,0,396.734721138905,8.46376545965472,11.2223111906794,0,411.270917248602,2004.37448795831,0,0,-3383.89532673161,2004.37448795831,12
"350",350,0,396.766665000853,8.36388262906304,11.2316661788211,0,411.204377039112,2004.34082991292,0,0,-3365.80453939026,2004.34082991292,12
"351",351,0,396.796592721982,8.26448728278059,11.2404307257234,0,411.138205169783,2004.30735132647,0,0,-3347.85864482843,2004.30735132647,12
"352",352,0,396.824495385273,8.16560903584148,11.2486022199727,0,411.07239838463,2004.27405066305,0,0,-3330.06634140417,2004.27405066305,12
"353",353,0,396.850364677072,8.06727734920905,11.2561782268567,0,411.006953265292,2004.24092630267,0,0,-3312.43603783917,2004.24092630267,12
"354",354,0,396.874192889574,7.96952152099798,11.2631564890895,0,410.941866237055,2004.20797654423,0,0,-3294.97584413939,2004.20797654423,12
"355",355,0,396.895972923118,7.87237067774479,11.2695349274846,0,410.87713357505,2004.1751996086,0,0,-3277.69356307448,2004.1751996086,12
"356",356,0,396.915698288301,7.7758537657296,11.2753116415739,0,410.812751410583,2004.14259364178,0,0,-3260.59668223442,2004.14259364178,12
"357",357,0,396.933363107913,7.67999954235149,11.2804849101745,0,410.748715737607,2004.11015671811,0,0,-3243.692366663,2004.11015671811,12
"358",358,0,396.948962118686,7.58483656756019,11.285053191901,0,410.685022419334,2004.07788684359,0,0,-3226.98745208442,2004.07788684359,12
"359",359,0,396.962490672866,7.49039319534661,11.2890151256251,0,410.621667194923,2004.04578195921,0,0,-3210.48843872662,2004.04578195921,12
"360",360,0,396.973944739594,7.39669756529465,11.2923695308812,0,410.558645686307,2004.01383994435,0,0,-3194.20148574353,2004.01383994435,12
"361",361,0,396.983320906109,7.30377759419703,11.2951154082176,0,410.495953405085,2003.98205862029,0,0,-3178.13240624744,2003.98205862029,12
"362",362,0,396.990616378763,7.21166096773739,11.2972519394949,0,410.433585759497,2003.95043575366,0,0,-3162.28666294762,2003.95043575366,12
"363",363,0,396.995828983858,7.12037513224128,11.2987784881297,0,410.371538061472,2003.91896906001,0,0,-3146.66936440052,2003.91896906001,12
"364",364,0,396.998957168286,7.02994728649851,11.2996945992837,0,410.309805533712,2003.88765620739,0,0,-3131.28526187233,2003.88765620739,12
"365",365,0,397,6.94040437365918,11.3,0,410.248383316835,2003.85649481993,0,0,-3116.1387468073,2003.85649481993,12
"366",366,0,397,6.85177307320595,11.3,0,410.187266476532,2003.82548248144,0,0,-3101.23384890812,2003.82548248144,12
"367",367,0,396.998957168286,6.7640797930048,11.2996945992837,0,410.126451724918,2003.79461760915,0,0,-3086.48722901188,2003.79461760915,12
"368",368,0,396.995828983858,6.6773506614368,11.2987784881297,0,410.065935743443,2003.76389860307,0,0,-3071.90060727661,2003.76389860307,12
"369",369,0,396.990616378763,6.59161151961306,11.2972519394949,0,410.005713444996,2003.7333229636,0,0,-3057.5639472762,2003.7333229636,12
"370",370,0,396.983320906109,6.50688791367538,11.2951154082176,0,409.945779689696,2003.70288816202,0,0,-3043.48015801518,2003.70288816202,12
"371",371,0,396.973944739594,6.42320508718465,11.2923695308812,0,409.886129292042,2003.67259164417,0,0,-3029.65178458003,2003.67259164417,12
"372",372,0,396.962490672866,6.34058797359956,11.2890151256251,0,409.826757028076,2003.64243083408,0,0,-3016.08100921002,2003.64243083408,12
"373",373,0,396.948962118686,6.2590611888476,11.285053191901,0,409.767657642469,2003.61240313755,0,0,-3002.76965294134,2003.61240313755,12
"374",374,0,396.933363107913,6.17864902399066,11.2804849101745,0,409.708825855584,2003.58250594577,0,0,-2989.71917780585,2003.58250594577,12
"375",375,0,396.915698288301,6.09937543798753,11.2753116415739,0,409.650256370464,2003.55273663888,0,0,-2976.93068957873,2003.55273663888,12
"376",376,0,396.895972923118,6.02126405055523,11.2695349274846,0,409.591943879747,2003.52309258947,0,0,-2964.404941062,2003.52309258947,12
"377",377,0,396.874192889574,5.94433813513147,11.2631564890895,0,409.533883072504,2003.49357116611,0,0,-2952.14233588615,2003.49357116611,12
"378",378,0,396.850364677072,5.86862061194034,11.2561782268567,0,409.476068640993,2003.46416973678,0,0,-2940.14293282374,2003.46416973678,12
"379",379,0,396.824495385273,5.7941340411631,11.2486022199727,0,409.418495287291,2003.43488567228,0,0,-2928.40645059569,2003.43488567228,12
"380",380,0,396.796592721982,5.72090061621642,11.2404307257234,0,409.361157729838,2003.40571634954,0,0,-2916.93227315277,2003.40571634954,12
"381",381,0,396.766665000853,5.64894215713974,11.2316661788211,0,409.30405070985,2003.37665915499,0,0,-2905.71945542298,2003.37665915499,12
"382",382,0,396.734721138905,5.57828010409398,11.2223111906794,0,409.247168997607,2003.34771148769,0,0,-2894.76672950211,2003.34771148769,12
"383",383,0,396.700770653875,5.50893551097339,11.2123685486349,0,409.190507398604,2003.31887076258,0,0,-2884.07251127137,2003.31887076258,12
"384",384,0,396.664823661375,5.44092903913253,11.201841215117,0,409.134060759565,2003.29013441351,0,0,-2873.63490742707,2003.29013441351,12
"385",385,0,396.62689087188,5.37428095123012,11.1907323267648,0,409.077823974294,2003.26149989628,0,0,-2863.45172290142,2003.26149989628,12
"386",386,0,396.586983587537,5.30901110519182,11.1790451934929,0,409.021791989387,2003.23296469159,0,0,-2853.52046865525,2003.23296469159,12
"387",387,0,396.545113698798,5.24513894829346,11.1667832975051,0,408.965959809752,2003.20452630789,0,0,-2843.8383698276,2003.20452630789,12
"388",388,0,396.501293680877,5.18268351136671,11.1539502922569,0,408.910322503988,2003.17618228415,0,0,-2834.40237421548,2003.17618228415,12
"389",389,0,396.455536590033,5.1216634031288,11.1405500013667,0,408.854875209562,2003.14793019254,0,0,-2825.20916107231,2003.14793019254,12
"390",390,0,396.407856059678,5.06209680463806,11.126586417477,0,408.799613137822,2003.11976764104,0,0,-2816.25515019887,2003.11976764104,12
"391",391,0,396.358266296317,5.00400146387676,11.1120637010643,0,408.744531578808,2003.09169227593,0,0,-2807.5365113103,2003.09169227593,12
"392",392,0,396.306782075317,4.94739469046313,11.0969861792,0,408.689625905884,2003.06370178419,0,0,-2799.04917365537,2003.06370178419,12
"393",393,0,396.253418736499,4.89229335049389,11.0813583442604,0,408.634891580157,2003.03579389583,0,0,-2790.78883587288,2003.03579389583,12
"394",394,0,396.198192179572,4.838713861519,11.0651848525891,0,408.580324154716,2003.00796638607,0,0,-2782.75097605804,2003.00796638607,12
"395",395,0,396.141118859396,4.78667218764996,11.0484705231089,0,408.525919278648,2002.98021707745,0,0,-2774.93086202559,2002.98021707745,12
"396",396,0,396.082215781075,4.73618383480335,11.0312203358863,0,408.47167270085,2002.95254384183,0,0,-2767.32356174289,2002.95254384183,12
"397",397,0,396.021500494894,4.68726384608074,11.0134394306477,0,408.417580273648,2002.92494460229,0,0,-2759.92395391617,2002.92494460229,12
"398",398,0,395.95899109109,4.63992679728662,10.9951331052479,0,408.363637956182,2002.89741733491,0,0,-2752.72673871171,2002.89741733491,12
"399",399,0,395.89470619446,4.59418679258549,10.9763068140918,0,408.30984181758,2002.86996007042,0,0,-2745.72644858603,2002.86996007042,12
"400",400,0,395.82866495881,4.55005746029947,10.9569661665088,0,408.256188039936,2002.84257089583,0,0,-2738.91745920962,2002.84257089583,12
"401",401,0,395.760887061256,4.5075519488478,10.937116925082,0,408.202672921038,2002.81524795582,0,0,-2732.29400046615,2002.81524795582,12
"402",402,0,395.69139269635,4.46668292282914,10.916765003931,0,408.149292876912,2002.78798945415,0,0,-2725.85016750192,2002.78798945415,12
"403",403,0,395.620202570072,4.42746255924819,10.8959164669497,0,408.096044444117,2002.76079365483,0,0,-2719.57993181395,2002.76079365483,12
"404",404,0,395.547337893658,4.38990254388751,10.8745775259997,0,408.042924281852,2002.73365888331,0,0,-2713.4771523497,2002.73365888331,12
"405",405,0,395.472820377276,4.35401406782574,10.8527545390595,0,407.989929173806,2002.70658352744,0,0,-2707.53558661137,2002.70658352744,12
"406",406,0,395.396672223565,4.31980782410316,10.8304540083297,0,407.937056029835,2002.67956603842,0,0,-2701.7489017317,2002.67956603842,12
"407",407,0,395.318916121012,4.28729400453572,10.8076825782964,0,407.884301887387,2002.65260493157,0,0,-2696.11068552052,2002.65260493157,12
"408",408,0,395.239575237198,4.25648229667831,10.7844470337508,0,407.831663912727,2002.62569878699,0,0,-2690.61445745233,2002.62569878699,12
"409",409,0,395.15867321189,4.2273818809384,10.7607542977679,0,407.779139401948,2002.5988462502,0,0,-2685.2536795828,2002.5988462502,12
"410",410,0,395.076234150004,4.20000142784068,10.7366114296439,0,407.726725781764,2002.57204603252,0,0,-2680.02176738021,2002.57204603252,12
"411",411,0,394.992282614414,4.17434909544369,10.7120256227927,0,407.674420610098,2002.54529691152,0,0,-2674.9121004521,2002.54529691152,12
"412",412,0,394.906843618643,4.15043252690906,10.6870042026026,0,407.622221576462,2002.51859773119,0,0,-2669.91803315372,2002.51859773119,12
"413",413,0,394.819942619403,4.12825884822427,10.6615546242537,0,407.570126502132,2002.49194740214,0,0,-2665.0329050661,2002.49194740214,12
"414",414,0,394.731605509013,4.10783466607942,10.6356844704967,0,407.518133340126,2002.46534490162,0,0,-2660.25005132398,2002.46534490162,12
"415",415,0,394.641858607686,4.08916606589876,10.6094014493936,0,407.466240174972,2002.4387892735,0,0,-2655.56281278662,2002.4387892735,12
"416",416,0,394.550728655681,4.07225861002752,10.5827133920209,0,407.414445222294,2002.41227962804,0,0,-2650.96454603145,2002.41227962804,12
"417",417,0,394.458242805344,4.05711733607462,10.5556282501365,0,407.362746828206,2002.3858151417,0,0,-2646.44863316519,2002.3858151417,12
"418",418,0,394.364428613011,4.04374675541168,10.5281540938104,0,407.311143468508,2002.35939505679,0,0,-2642.00849143528,2002.35939505679,12
"419",419,0,394.269314030801,4.03215085182884,10.5002991090201,0,407.259633747717,2002.33301868096,0,0,-2637.63758263105,2002.33301868096,12
"420",420,0,394.172927398285,4.02233308034784,10.4720715952119,0,407.208216397905,2002.30668538674,0,0,-2633.32942226776,2002.30668538674,12
"421",421,0,394.075297434045,4.01429636619251,10.4434799628276,0,407.156890277374,2002.28039461086,0,0,-2629.07758853633,2002.28039461086,12
"422",422,0,393.976453227118,4.00804310391726,10.4145327307989,0,407.105654369158,2002.25414585355,0,0,-2624.87573101693,2002.25414585355,12
"423",423,0,393.876424228324,4.00357515669358,10.3852385240091,0,407.05450777936,2002.22793867775,0,0,-2620.71757914072,2002.22793867775,12
"424",424,0,393.775240241494,4.0008938557549,10.3556060707234,0,407.003449735341,2002.20177270825,0,0,-2616.59695039377,2002.20177270825,12
"425",425,0,393.672931414593,4,10.325644199988,0,406.952479583739,2002.17564763067,0,0,-2612.50775825823,2002.17564763067,12
"426",426,0,393.569528230731,4,10.2953618389998,0,406.901596788355,2002.14956319047,0,0,-2608.44401987621,2002.14956319047,12
"427",427,0,393.465061499085,4.0008938557549,10.2647680104463,0,406.85080104309,2002.1235192509,0,0,-2604.39395703568,2002.1235192509,12
"428",428,0,393.359562345719,4.00357515669358,10.2338718298176,0,406.800092153186,2002.09751573218,0,0,-2600.35187189926,2002.09751573218,12
"429",429,0,393.253062204306,4.00804310391726,10.2026825026897,0,406.749469917812,2002.07155255133,0,0,-2596.318084789,2002.07155255133,12
"430",430,0,393.14559280677,4.01429636619251,10.1712093219827,0,406.69893424327,2002.04562968024,0,0,-2592.28710911102,2002.04562968024,12
"431",431,0,393.037186173823,4.02233308034784,10.139461665191,0,406.648485140215,2002.01974714428,0,0,-2588.25359588825,2002.01974714428,12
"432",432,0,392.927874605429,4.03215085182884,10.1074489915899,0,406.598122720791,2001.99390502089,0,0,-2584.21233964392,2001.99390502089,12
"433",433,0,392.81769067118,4.04374675541168,10.0751808394169,0,406.54784719563,2001.96810343805,0,0,-2580.15828397869,2001.96810343805,12
"434",434,0,392.70666720059,4.05711733607462,10.0426668230299,0,406.497658870786,2001.94234257278,0,0,-2576.08652682957,2001.94234257278,12
"435",435,0,392.594837273315,4.07225861002752,10.0099166300424,0,406.44755814455,2001.91662264952,0,0,-2571.99232542016,2001.91662264952,12
"436",436,0,392.482234209298,4.08916606589876,9.9769400184372,0,406.397545504184,2001.89094393851,0,0,-2567.87110088774,2001.89094393851,12
"437",437,0,392.368891558836,4.10783466607942,9.94374681365903,0,406.347621522583,2001.86530675409,0,0,-2563.71844259342,2001.86530675409,12
"438",438,0,392.254843092589,4.12825884822427,9.91034690568691,0,406.297786854854,2001.83971145297,0,0,-2559.53011211312,2001.83971145297,12
"439",439,0,392.140122791518,4.15043252690906,9.87675024608749,0,406.248042234831,2001.8141584325,0,0,-2555.30204690731,2001.8141584325,12
"440",440,0,392.024764836756,4.17434909544369,9.84296684504996,0,406.198388471523,2001.78864812886,0,0,-2551.03036367002,2001.78864812886,12
"441",441,0,391.908803599426,4.20000142784068,9.80900676840346,0,406.14882644552,2001.76318101525,0,0,-2546.71136135674,2001.76318101525,12
"442",442,0,391.792273630403,4.2273818809384,9.77488013461797,0,406.099357105334,2001.73775760001,0,0,-2542.34152389582,2001.73775760001,12
"443",443,0,391.675209650013,4.25648229667831,9.74059711178949,0,406.049981463704,2001.71237842478,0,0,-2537.91752257892,2001.71237842478,12
"444",444,0,391.557646537694,4.28729400453572,9.70616791461044,0,406.000700593865,2001.6870440626,0,0,-2533.43621813569,2001.6870440626,12
"445",445,0,391.439619321602,4.31980782410316,9.67160280132617,0,405.951515625793,2001.66175511598,0,0,-2528.89466249468,2001.66175511598,12
"446",446,0,391.32116316817,4.35401406782574,9.63691207067848,0,405.902427742404,2001.63651221498,0,0,-2524.29010023353,2001.63651221498,12
"447",447,0,391.202313371639,4.38990254388751,9.60210605883712,0,405.853438175762,2001.61131601528,0,0,-2519.61996971668,2001.61131601528,12
"448",448,0,391.083105343532,4.42746255924819,9.56719513632008,0,405.804548203257,2001.58616719624,0,0,-2514.88190393192,2001.58616719624,12
"449",449,0,390.96357460211,4.46668292282914,9.5321897049037,0,405.755759143778,2001.56106645893,0,0,-2510.07373102246,2001.56106645893,12
"450",450,0,390.843756761787,4.5075519488478,9.49710019452341,0,405.707072353892,2001.53601452418,0,0,-2505.19347452173,2001.53601452418,12
"451",451,0,390.723687522519,4.55005746029948,9.46193706016616,0,405.658489224025,2001.51101213065,0,0,-2500.23935329443,2001.51101213065,12
"452",452,0,390.603402659164,4.59418679258549,9.42671077875527,0,405.610011174646,2001.48606003284,0,0,-2495.20978119092,2001.48606003284,12
"453",453,0,390.48293801083,4.63992679728662,9.39143184602887,0,405.56163965248,2001.46115899917,0,0,-2490.10336641399,2001.46115899917,12
