"","day","nitrate","pCO2_atmos","temp","dNO3","pCO2","DIC","slDON","slDOC","airseaFlux","BML_DIC","BML_NO3"
"1",1,12,390,10,0,397,1996.99356748184,0,0,0,1996.99356748184,12
"2",2,12,390,10,0,396.983642361535,1996.98491554532,0,0,-865.193652290284,1996.99356748184,12
"3",3,12,390,10,0,396.967323795796,1996.97628382669,0,0,-863.17186300937,1996.99356748184,12
"4",4,12,390,10,0,396.951044205478,1996.96767227766,0,0,-861.154903081993,1996.99356748184,12
"5",5,12,390,10,0,396.934803493538,1996.95908085006,0,0,-859.142760481248,1996.99356748184,12
"6",6,12,390,10,0,396.918601563191,1996.95050949582,0,0,-857.135423212756,1996.99356748184,12
"7",7,12,390,10,0,396.902438317916,1996.94195816703,0,0,-855.132879314088,1996.99356748184,12
"8",8,12,390,10,0,396.886313661444,1996.93342681586,0,0,-853.135116855108,1996.99356748184,12
"9",9,12,390,10,0,396.87022749777,1996.92491539462,0,0,-851.142123937363,1996.99356748184,12
"10",10,12,390,10,0,396.854179731144,1996.91642385574,0,0,-849.153888694392,1996.99356748184,12
"11",11,12,390,10,0,396.838170266072,1996.90795215174,0,0,-847.170399291764,1996.99356748184,12
"12",12,12,390,10,0,396.822199007313,1996.89950023530,0,0,-845.191643926464,1996.99356748184,12
"13",13,12,390,10,0,396.806265859885,1996.89106805920,0,0,-843.217610826839,1996.99356748184,12
"14",14,12,390,10,0,396.790370729059,1996.88265557631,0,0,-841.24828825319,1996.99356748184,12
"15",15,12,390,10,0,396.774513520357,1996.87426273967,0,0,-839.283664497088,1996.99356748184,12
"16",16,12,390,10,0,396.758694139556,1996.86588950239,0,0,-837.323727881098,1996.99356748184,12
"17",17,12,390,10,0,396.742912492683,1996.85753581772,0,0,-835.368466759284,1996.99356748184,12
"18",18,12,390,10,0,396.727168486016,1996.84920163903,0,0,-833.417869516862,1996.99356748184,12
"19",19,12,390,10,0,396.711462026086,1996.84088691978,0,0,-831.471924569736,1996.99356748184,12
"20",20,12,390,10,0,396.695793019668,1996.83259161358,0,0,-829.530620365327,1996.99356748184,12
"21",21,12,390,10,0,396.680161373791,1996.82431567412,0,0,-827.593945380939,1996.99356748184,12
"22",22,12,390,10,0,396.664566995729,1996.81605905524,0,0,-825.661888125553,1996.99356748184,12
"23",23,12,390,10,0,396.649009793007,1996.80782171087,0,0,-823.734437138342,1996.99356748184,12
"24",24,12,390,10,0,396.633489673389,1996.79960359506,0,0,-821.811580989349,1996.99356748184,12
"25",25,12,390,10,0,396.618006544892,1996.79140466198,0,0,-819.893308278483,1996.99356748184,12
"26",26,12,390,10,0,396.602560315776,1996.7832248659,0,0,-817.979607636603,1996.99356748184,12
"27",27,12,390,10,0,396.587150894543,1996.77506416122,0,0,-816.070467724702,1996.99356748184,12
"28",28,12,390,10,0,396.571778189940,1996.76692250245,0,0,-814.16587723382,1996.99356748184,12
"29",29,12,390,10,0,396.556442110961,1996.75879984420,0,0,-812.265824885174,1996.99356748184,12
"30",30,12,390,10,0,396.541142566833,1996.75069614121,0,0,-810.370299430271,1996.99356748184,12
"31",31,12,390,10,0,396.525879467032,1996.74261134831,0,0,-808.479289649949,1996.99356748184,12
"32",32,12,390,10,0,396.510652721271,1996.73454542047,0,0,-806.592784355382,1996.99356748184,12
"33",33,12,390,10,0,396.495462239507,1996.72649831275,0,0,-804.710772387206,1996.99356748184,12
"34",34,12,390,10,0,396.480307931928,1996.71846998032,0,0,-802.833242616049,1996.99356748184,12
"35",35,12,390,10,0,396.465189708973,1996.71046037848,0,0,-800.960183941547,1996.99356748184,12
"36",36,12,390,10,0,396.450107481306,1996.70246946263,0,0,-799.091585293738,1996.99356748184,12
"37",37,12,390,10,0,396.435061159836,1996.69449718827,0,0,-797.22743563092,1996.99356748184,12
"38",38,12,390,10,0,396.420050655705,1996.68654351103,0,0,-795.367723941378,1996.99356748184,12
"39",39,12,390,10,0,396.405075880294,1996.67860838664,0,0,-793.512439242639,1996.99356748184,12
"40",40,12,390,10,0,396.390136745215,1996.67069177093,0,0,-791.661570581141,1996.99356748184,12
"41",41,12,390,10,0,396.375233162318,1996.66279361986,0,0,-789.815107032436,1996.99356748184,12
"42",42,12,390,10,0,396.360365043684,1996.65491388949,0,0,-787.97303770111,1996.99356748184,12
"43",43,12,390,10,0,396.345532301628,1996.64705253597,0,0,-786.135351720651,1996.99356748184,12
"44",44,12,390,10,0,396.330734848696,1996.63920951559,0,0,-784.302038253044,1996.99356748184,12
"45",45,12,390,10,0,396.315972597669,1996.63138478472,0,0,-782.47308648929,1996.99356748184,12
"46",46,12,390,10,0,396.301245461553,1996.62357829986,0,0,-780.648485648911,1996.99356748184,12
"47",47,12,390,10,0,396.28655335359,1996.61579001761,0,0,-778.828224979786,1996.99356748184,12
"48",48,12,390,10,0,396.271896187249,1996.60801989468,0,0,-777.012293758598,1996.99356748184,12
"49",49,12,390,10,0,396.257273876225,1996.60026788786,0,0,-775.200681290205,1996.99356748184,12
"50",50,12,390,10,0,396.242686334451,1996.59253395409,0,0,-773.393376907432,1996.99356748184,12
"51",51,12,390,10,0,396.228133476073,1996.58481805040,0,0,-771.590369972285,1996.99356748184,12
"52",52,12,390,10,0,396.213615215472,1996.57712013390,0,0,-769.791649873572,1996.99356748184,12
"53",53,12,390,10,0,396.199131467261,1996.56944016184,0,0,-767.997206028718,1996.99356748184,12
"54",54,12,390,10,0,396.184682146267,1996.56177809156,0,0,-766.207027883868,1996.99356748184,12
"55",55,12,390,10,0,396.170267167548,1996.55413388051,0,0,-764.421104911922,1996.99356748184,12
"56",56,12,390,10,0,396.155886446383,1996.54650748624,0,0,-762.639426613932,1996.99356748184,12
"57",57,12,390,10,0,396.141539898278,1996.53889886642,0,0,-760.861982518655,1996.99356748184,12
"58",58,12,390,10,0,396.127227438961,1996.53130797880,0,0,-759.088762182561,1996.99356748184,12
"59",59,12,390,10,0,396.11294898438,1996.52373478124,0,0,-757.319755189699,1996.99356748184,12
"60",60,12,390,10,0,396.098704450707,1996.51617923173,0,0,-755.554951151432,1996.99356748184,12
"61",61,12,390,10,0,396.084493754333,1996.50864128833,0,0,-753.794339706555,1996.99356748184,12
"62",62,12,390,10,0,396.07031681187,1996.50112090923,0,0,-752.037910521268,1996.99356748184,12
"63",63,12,390,10,0,396.056173540149,1996.49361805270,0,0,-750.285653288715,1996.99356748184,12
"64",64,12,390,10,0,396.042063856222,1996.48613267712,0,0,-748.537557729365,1996.99356748184,12
"65",65,12,390,10,0,396.027987677357,1996.47866474098,0,0,-746.793613590889,1996.99356748184,12
"66",66,12,390,10,0,396.013944921041,1996.47121420288,0,0,-745.053810647567,1996.99356748184,12
"67",67,12,390,10,0,395.999935504975,1996.46378102149,0,0,-743.318138701167,1996.99356748184,12
"68",68,12,390,10,0,395.985959347082,1996.45636515561,0,0,-741.5865875794,1996.99356748184,12
"69",69,12,390,10,0,395.972016365496,1996.44896656414,0,0,-739.859147137623,1996.99356748184,12
"70",70,12,390,10,0,395.958106478569,1996.44158520607,0,0,-738.135807257306,1996.99356748184,12
"71",71,12,390,10,0,395.944229604866,1996.43422104049,0,0,-736.416557846823,1996.99356748184,12
"72",72,12,390,10,0,395.930385663164,1996.42687402660,0,0,-734.701388840864,1996.99356748184,12
"73",73,12,390,10,0,395.916574572456,1996.4195441237,0,0,-732.99029020039,1996.99356748184,12
"74",74,12,390,10,0,395.902796251948,1996.41223129118,0,0,-731.283251912984,1996.99356748184,12
"75",75,12,390,10,0,395.889050621056,1996.40493548854,0,0,-729.580263992573,1996.99356748184,12
"76",76,12,390,10,0,395.875337599411,1996.39765667538,0,0,-727.881316479096,1996.99356748184,12
"77",77,12,390,10,0,395.861657106847,1996.39039481138,0,0,-726.186399438922,1996.99356748184,12
"78",78,12,390,10,0,395.848009063416,1996.38314985635,0,0,-724.495502963753,1996.99356748184,12
"79",79,12,390,10,0,395.834393389377,1996.37592177018,0,0,-722.808617171945,1996.99356748184,12
"80",80,12,390,10,0,395.820810005199,1996.36871051286,0,0,-721.125732207674,1996.99356748184,12
"81",81,12,390,10,0,395.807258831554,1996.36151604448,0,0,-719.446838240837,1996.99356748184,12
"82",82,12,390,10,0,395.793739789328,1996.35433832522,0,0,-717.77192546669,1996.99356748184,12
"83",83,12,390,10,0,395.780252799612,1996.34717731538,0,0,-716.100984106871,1996.99356748184,12
"84",84,12,390,10,0,395.766797783703,1996.34003297534,0,0,-714.434004408209,1996.99356748184,12
"85",85,12,390,10,0,395.753374663103,1996.33290526557,0,0,-712.770976643081,1996.99356748184,12
"86",86,12,390,10,0,395.739983359522,1996.32579414666,0,0,-711.111891109222,1996.99356748184,12
"87",87,12,390,10,0,395.726623794872,1996.31869957928,0,0,-709.45673813005,1996.99356748184,12
"88",88,12,390,10,0,395.713295891271,1996.3116215242,0,0,-707.805508054001,1996.99356748184,12
"89",89,11.2,390,10,-0.8,395.646819928571,1996.27631361464,0,0,-706.158191254876,1996.99356748184,12
"90",90,10.4,390,10,-0.799999999999999,385.798701271965,1990.96141652351,0,0,-697.941822546545,1998.31356748184,12.2
"91",91,9.6,390,10,-0.8,376.364339782334,1985.70738035916,0,0,519.27671298154,1999.63356748184,12.4
"92",92,8.8,390,10,-0.799999999999999,367.317020909251,1980.51164812105,0,0,1685.35523787314,2000.95356748184,12.6
"93",93,8,390,10,-0.8,358.632343531313,1975.37182790337,0,0,2803.59564633562,2002.27356748184,12.8
"94",94,7.2,390,10,-0.8,350.287971782294,1970.28567859811,0,0,3877.01389484718,2003.59356748184,13
"95",95,6.4,390,10,-0.8,342.263418336109,1965.25109713192,0,0,4908.37067621883,2004.91356748184,13.2
"96",96,5.6,390,10,-0.8,334.539854583463,1960.26610704219,0,0,5900.1982053765,2006.23356748184,13.4
"97",97,4.8,390,10,-0.8,327.099943875814,1955.32884822626,0,0,6854.82368135484,2007.55356748184,13.6
"98",98,4,390,10,-0.8,319.927694621911,1950.43756772117,0,0,7774.38989819258,2008.87356748184,13.8
"99",99,3.2,390,10,-0.8,313.008330524635,1945.59061139127,0,0,8660.87340206703,2010.19356748184,14
"100",100,2.4,390,10,-0.8,306.328175661773,1940.78641641777,0,0,9516.10052990245,2011.51356748184,14.2
"101",101,1.6,390,10,-0.8,299.874552459748,1936.02350449843,0,0,10341.7616132832,2012.83356748184,14.4
"102",102,0.8,390,10,-0.8,293.635690897530,1931.30047567787,0,0,11139.4235888067,2014.15356748184,14.6
"103",103,0,390,10,-0.8,287.600647518853,1926.61600273889,0,0,11910.5412203995,2015.47356748184,14.8
"104",104,0,390,10,0,281.759233033506,1921.96882609436,0,0,12656.467109332,2016.79356748184,15
"105",105,0,390,10,0,282.591302004135,1922.63774912649,0,0,13378.4606426347,2016.79356748184,15
"106",106,0,390,10,0,283.419862660597,1923.30153001011,0,0,13275.6176723981,2016.79356748184,15
"107",107,0,390,10,0,284.244888477638,1923.96019042644,0,0,13173.2083266112,2016.79356748184,15
"108",108,0,390,10,0,285.066353493764,1924.61375222063,0,0,13071.2358837713,2016.79356748184,15
"109",109,0,390,10,0,285.884232313786,1925.26223739826,0,0,12969.7035526954,2016.79356748184,15
"110",110,0,390,10,0,286.698500111141,1925.90566812187,0,0,12868.614472206,2016.79356748184,15
"111",111,0,390,10,0,287.509132630027,1926.54406670742,0,0,12767.9717108437,2016.79356748184,15
"112",112,0,390,10,0,288.316106187321,1927.17745562075,0,0,12667.7782666038,2016.79356748184,15
"113",113,0,390,10,0,289.1193976743,1927.80585747408,0,0,12568.0370666985,2016.79356748184,15
"114",114,0,390,10,0,289.918984558147,1928.42929502245,0,0,12468.7509673452,2016.79356748184,15
"115",115,0,390,10,0,290.714844883264,1929.04779116013,0,0,12369.9227535796,2016.79356748184,15
"116",116,0,390,10,0,291.506957272372,1929.66136891708,0,0,12271.5551390938,2016.79356748184,15
"117",117,0,390,10,0,292.295300927425,1930.27005145539,0,0,12173.6507660999,2016.79356748184,15
"118",118,0,390,10,0,293.0798556303,1930.87386206565,0,0,12076.2122052178,2016.79356748184,15
"119",119,0,390,10,0,293.860601743316,1931.47282416342,0,0,11979.2419553889,2016.79356748184,15
"120",120,0,390,10,0,294.637520209533,1932.06696128561,0,0,11882.7424438129,2016.79356748184,15
"121",121,0,390,10,0,295.410592552862,1932.65629708690,0,0,11786.7160259104,2016.79356748184,15
"122",122,0,390,10,0,296.179800877991,1933.24085533617,0,0,11691.164985309,2016.79356748184,15
"123",123,0,390,10,0,296.945127870101,1933.82065991286,0,0,11596.0915338532,2016.79356748184,15
"124",124,0,390,10,0,297.706556794399,1934.39573480344,0,0,11501.4978116390,2016.79356748184,15
"125",125,0,390,10,0,298.464071495471,1934.96610409780,0,0,11407.3858870714,2016.79356748184,15
"126",126,0,390,10,0,299.217656396434,1935.53179198564,0,0,11313.7577569451,2016.79356748184,15
"127",127,0,390,10,0,299.96729649791,1936.09282275297,0,0,11220.6153465486,2016.79356748184,15
"128",128,0,390,10,0,300.712977376822,1936.64922077846,0,0,11127.9605097916,2016.79356748184,15
"129",129,0,390,10,0,301.454685184999,1937.20101052993,0,0,11035.7950293533,2016.79356748184,15
"130",130,0,390,10,0,302.192406647619,1937.74821656077,0,0,10944.1206168548,2016.79356748184,15
"131",131,0,390,10,0,302.926129061462,1938.29086350642,0,0,10852.9389130524,2016.79356748184,15
"132",132,0,390,10,0,303.655840293001,1938.82897608083,0,0,10762.2514880524,2016.79356748184,15
"133",133,0,390,10,0,304.381528776321,1939.36257907290,0,0,10672.0598415477,2016.79356748184,15
"134",134,0,390,10,0,305.103183510868,1939.89169734306,0,0,10582.3654030751,2016.79356748184,15
"135",135,0,390,10,0,305.820794059036,1940.41635581967,0,0,10493.1695322929,2016.79356748184,15
"136",136,0,390,10,0,306.534350543603,1940.93657949564,0,0,10404.4735192798,2016.79356748184,15
"137",137,0,390,10,0,307.243843644985,1941.45239342488,0,0,10316.2785848516,2016.79356748184,15
"138",138,0,390,10,0,307.949264598363,1941.96382271892,0,0,10228.5858809002,2016.79356748184,15
"139",139,0,390,10,0,308.650605190641,1942.47089254346,0,0,10141.3964907494,2016.79356748184,15
"140",140,0,390,10,0,309.347857757259,1942.97362811494,0,0,10054.7114295305,2016.79356748184,15
"141",141,0,390,10,0,310.041015178864,1943.47205469717,0,0,9968.53164457609,2016.79356748184,15
"142",142,0,390,10,0,310.730070877832,1943.96619759796,0,0,9882.85801583174,2016.79356748184,15
"143",143,0,390,10,0,311.415018814667,1944.45608216577,0,0,9797.69135628575,2016.79356748184,15
"144",144,0,390,10,0,312.095853484238,1944.94173378639,0,0,9713.03241241448,2016.79356748184,15
"145",145,0,390,10,0,312.772569911914,1945.42317787962,0,0,9628.88186464703,2016.79356748184,15
"146",146,0,390,10,0,313.445163649547,1945.90043989602,0,0,9545.24032784335,2016.79356748184,15
"147",147,0,390,10,0,314.113630771341,1946.37354531361,0,0,9462.1083517905,2016.79356748184,15
"148",148,0,390,10,0,314.777967869602,1946.84251963469,0,0,9379.48642171317,2016.79356748184,15
"149",149,0,390,10,0,315.438172050361,1947.30738838263,0,0,9297.3749587994,2016.79356748184,15
"150",150,0,390,10,0,316.094240928887,1947.76817709867,0,0,9215.77432074112,2016.79356748184,15
"151",151,0,390,10,0,316.746172625087,1948.22491133878,0,0,9134.68480228887,2016.79356748184,15
"152",152,0,390,10,0,317.393965758809,1948.67761667057,0,0,9054.10663582038,2016.79356748184,15
"153",153,0,390,10,0,318.037619445023,1949.12631867017,0,0,8974.0399919213,2016.79356748184,15
"154",154,0,390,10,0,318.677133288920,1949.57104291917,0,0,8894.4849799805,2016.79356748184,15
"155",155,0,390,10,0,319.312507380895,1950.01181500161,0,0,8815.441648796,2016.79356748184,15
"156",156,0,390,10,0,319.943742291458,1950.44866050097,0,0,8736.90998719515,2016.79356748184,15
"157",157,0,390,10,0,320.570839066045,1950.88160499720,0,0,8658.88992466324,2016.79356748184,15
"158",158,0,390,10,0,321.193799219733,1951.3106740638,0,0,8581.38133198555,2016.79356748184,15
"159",159,0,390,10,0,321.812624731899,1951.73589326490,0,0,8504.38402189971,2016.79356748184,15
"160",160,0,390,10,0,322.427318040773,1952.15728815238,0,0,8427.89774975667,2016.79356748184,15
"161",161,0,390,10,0,323.03788203793,1952.57488426309,0,0,8351.92221419339,2016.79356748184,15
"162",162,0,390,10,0,323.644320062717,1952.98870711599,0,0,8276.45705781376,2016.79356748184,15
"163",163,0,390,10,0,324.246635896587,1953.39878220938,0,0,8201.50186787763,2016.79356748184,15
"164",164,0,390,10,0,324.844833757403,1953.80513501823,0,0,8127.0561770007,2016.79356748184,15
"165",165,0,390,10,0,325.43891829365,1954.20779099142,0,0,8053.11946385906,2016.79356748184,15
"166",166,0,390,10,0,326.028894578608,1954.60677554912,0,0,7979.69115390407,2016.79356748184,15
"167",167,0,390,10,0,326.614768104468,1955.00211408012,0,0,7906.77062008299,2016.79356748184,15
"168",168,0,390,10,0,327.196544776388,1955.3938319393,0,0,7834.35718356604,2016.79356748184,15
"169",169,0,390,10,0,327.774230906517,1955.78195444502,0,0,7762.45011448093,2016.79356748184,15
"170",170,0,390,10,0,328.34783320796,1956.16650687666,0,0,7691.04863265182,2016.79356748184,15
"171",171,0,390,10,0,328.917358788719,1956.54751447207,0,0,7620.15190834496,2016.79356748184,15
"172",172,0,390,10,0,329.482815145577,1956.92500242522,0,0,7549.7590630179,2016.79356748184,15
"173",173,0,390,10,0,330.044210157967,1957.29899588373,0,0,7479.8691700749,2016.79356748184,15
"174",174,0,390,10,0,330.601552081801,1957.66951994651,0,0,7410.48125562535,2016.79356748184,15
"175",175,0,390,10,0,331.154849543266,1958.03659966147,0,0,7341.59429924588,2016.79356748184,15
"176",176,0,390,10,0,331.704111532615,1958.40026002321,0,0,7273.20723474754,2016.79356748184,15
"177",177,0,390,10,0,332.249347397912,1958.76052597076,0,0,7205.31895094338,2016.79356748184,15
"178",178,0,390,10,0,332.790566838777,1959.11742238538,0,0,7137.92829242115,2016.79356748184,15
"179",179,0,390,10,0,333.327779900111,1959.47097408839,0,0,7071.0340603165,2016.79356748184,15
"180",180,0,390,10,0,333.860996965804,1959.82120583905,0,0,7004.6350130888,2016.79356748184,15
"181",181,0,390,10,0,334.390228752439,1960.16814233241,0,0,6938.72986729877,2016.79356748184,15
"182",182,0,390,10,0,334.915486302986,1960.51180819733,0,0,6873.31729838639,2016.79356748184,15
"183",183,0,390,10,0,335.4367809805,1960.85222799440,0,0,6808.39594145054,2016.79356748184,15
"184",184,0,390,10,0,335.954124461804,1961.18942621401,0,0,6743.964392028,2016.79356748184,15
"185",185,0,390,10,0,336.467528731189,1961.52342727435,0,0,6680.02120687394,2016.79356748184,15
"186",186,0,390,10,0,336.977006074107,1961.85425551959,0,0,6616.56490474108,2016.79356748184,15
"187",187,0,390,10,0,337.482569070874,1962.18193521794,0,0,6553.59396715847,2016.79356748184,15
"188",188,0,390,10,0,337.984230590389,1962.50649055991,0,0,6491.10683921041,2016.79356748184,15
"189",189,0,390,10,0,338.482003783863,1962.82794565642,0,0,6429.10193031289,2016.79356748184,15
"190",190,0,390,10,0,338.97590207854,1963.14632453717,0,0,6367.5776149881,2016.79356748184,15
"191",191,0,390,10,0,339.46593917148,1963.46165114885,0,0,6306.53223364076,2016.79356748184,15
"192",192,0,390,10,0,339.952129023317,1963.77394935352,0,0,6245.96409332665,2016.79356748184,15
"193",193,0,390,10,0,340.43448585206,1964.08324292694,0,0,6185.87146852422,2016.79356748184,15
"194",194,0,390,10,0,340.913024126921,1964.38955555704,0,0,6126.2526019003,2016.79356748184,15
"195",195,0,390,10,0,341.387758562154,1964.69291084229,0,0,6067.10570507344,2016.79356748184,15
"196",196,0,390,10,0,341.858704110928,1964.99333229026,0,0,6008.42895937532,2016.79356748184,15
"197",197,0,390,10,0,342.325875959239,1965.29084331609,0,0,5950.22051660762,2016.79356748184,15
"198",198,0,390,10,0,342.789289519838,1965.58546724108,0,0,5892.4784997951,2016.79356748184,15
"199",199,0,390,10,0,343.248960426205,1965.87722729128,0,0,5835.20100393579,2016.79356748184,15
"200",200,0,390,10,0,343.704904526545,1966.16614659612,0,0,5778.38609674567,2016.79356748184,15
"201",201,0,390,10,0,344.157137877842,1966.45224818709,0,0,5722.03181940091,2016.79356748184,15
"202",202,0,390,10,0,344.605676739928,1966.73555499645,0,0,5666.13618727282,2016.79356748184,15
"203",203,0,390,10,0,345.050537569610,1967.01608985598,0,0,5610.69719066106,2016.79356748184,15
"204",204,0,390,10,0,345.491737014834,1967.29387549576,0,0,5555.7127955192,2016.79356748184,15
"205",205,0,390,10,0,345.929291908882,1967.56893454297,0,0,5501.18094417609,2016.79356748184,15
"206",206,0,390,10,0,346.363219264637,1967.84128952077,0,0,5447.09955605334,2016.79356748184,15
"207",207,0,390,10,0,346.793536268868,1968.11096284719,0,0,5393.4665283742,2016.79356748184,15
"208",208,0,390,10,0,347.22026027659,1968.37797683403,0,0,5340.27973686934,2016.79356748184,15
"209",209,0,390,10,0,347.643408805444,1968.64235368586,0,0,5287.53703647501,2016.79356748184,15
"210",210,0,390,10,0,348.062999530156,1968.90411549896,0,0,5235.23626202639,2016.79356748184,15
"211",211,0,390,10,0,348.479050277024,1969.16328426040,0,0,5183.37522894342,2016.79356748184,15
"212",212,0,390,10,0,348.891579018478,1969.4198818471,0,0,5131.95173391183,2016.79356748184,15
"213",213,0,390,10,0,349.300603867675,1969.67393002488,0,0,5080.96355555571,2016.79356748184,15
"214",214,0,390,10,0,349.706143073160,1969.92545044763,0,0,5030.40845510505,2016.79356748184,15
"215",215,0,390,10,0,350.108215013592,1970.17446465649,0,0,4980.28417705636,2016.79356748184,15
"216",216,0,390,10,0,350.506838192494,1970.42099407898,0,0,4930.58844982414,2016.79356748184,15
"217",217,0,390,10,0,350.902031233107,1970.66506002830,0,0,4881.31898638958,2016.79356748184,15
"218",218,0,390,10,0,351.293812873256,1970.90668370254,0,0,4832.47348493711,2016.79356748184,15
"219",219,0,390,10,0,351.682201960315,1971.14588618402,0,0,4784.04962948835,2016.79356748184,15
"220",220,0,390,10,0,352.067217446203,1971.38268843854,0,0,4736.04509052525,2016.79356748184,15
"221",221,0,390,10,0,352.448878382457,1971.61711131483,0,0,4688.4575256076,2016.79356748184,15
"222",222,0,390,10,0,352.827203915363,1971.84917554382,0,0,4641.28457998263,2016.79356748184,15
"223",223,0,390,10,0,353.202213281143,1972.07890173818,0,0,4594.52388718695,2016.79356748184,15
"224",224,0,390,10,0,353.573925801212,1972.30631039167,0,0,4548.17306964092,2016.79356748184,15
"225",225,0,390,10,0,353.942360877498,1972.53142187863,0,0,4502.22973923513,2016.79356748184,15
"226",226,0,390,10,0,354.307537987814,1972.75425645352,0,0,4456.69149790891,2016.79356748184,15
"227",227,0,390,10,0,354.669476681314,1972.97483425043,0,0,4411.55593822218,2016.79356748184,15
"228",228,0,390,10,0,355.028196573992,1973.19317528263,0,0,4366.8206439173,2016.79356748184,15
"229",229,0,390,10,0,355.38371734426,1973.40929944215,0,0,4322.4831904751,2016.79356748184,15
"230",230,0,390,10,0,355.736058728587,1973.62322649944,0,0,4278.54114566183,2016.79356748184,15
"231",231,0,390,10,0,356.085240517199,1973.83497610294,0,0,4234.99207006772,2016.79356748184,15
"232",232,0,390,10,0,356.431282549852,1974.04456777882,0,0,4191.83351763874,2016.79356748184,15
"233",233,0,390,10,0,356.774204711661,1974.25202093063,0,0,4149.06303619913,2016.79356748184,15
"234",234,0,390,10,0,357.114026929007,1974.45735483903,0,0,4106.6781679668,2016.79356748184,15
"235",235,0,390,10,0,357.450769165493,1974.66058866153,0,0,4064.6764500589,2016.79356748184,15
"236",236,0,390,10,0,357.784451417984,1974.86174143228,0,0,4023.05541499235,2016.79356748184,15
"237",237,0,390,10,0,358.1150937127,1975.06083206184,0,0,3981.81259117281,2016.79356748184,15
"238",238,0,390,10,0,358.442716101381,1975.25787933701,0,0,3940.94550337747,2016.79356748184,15
"239",239,0,390,10,0,358.76733865751,1975.45290192067,0,0,3900.45167322967,2016.79356748184,15
"240",240,0,390,10,0,359.088981472619,1975.64591835166,0,0,3860.32861966495,2016.79356748184,15
"241",241,0,390,10,0,359.407664652637,1975.83694704462,0,0,3820.57385938821,2016.79356748184,15
"242",242,0,390,10,0,359.723408314322,1976.02600628999,0,0,3781.1849073249,2016.79356748184,15
"243",243,0,390,10,0,360.036232581750,1976.21311425384,0,0,3742.15927706194,2016.79356748184,15
"244",244,0,390,10,0,360.346157582875,1976.39828897791,0,0,3703.49448128170,2016.79356748184,15
"245",245,0,390,10,0,360.653203446142,1976.58154837952,0,0,3665.18803218753,2016.79356748184,15
"246",246,0,390,10,0,360.957390297182,1976.76291025161,0,0,3627.23744192175,2016.79356748184,15
"247",247,0,390,10,0,361.258738255551,1976.94239226276,0,0,3589.64022297466,2016.79356748184,15
"248",248,0,390,10,0,361.557267431559,1977.12001195719,0,0,3552.39388858726,2016.79356748184,15
"249",249,0,390,10,0,361.852997923132,1977.29578675485,0,0,3515.49595314365,2016.79356748184,15
"250",250,0,390,10,0,362.145949812766,1977.46973395148,0,0,3478.94393255820,2016.79356748184,15
"251",251,0,390,10,0,362.436143164527,1977.64187071871,0,0,3442.73534465283,2016.79356748184,15
"252",252,0,390,10,0,362.723598021116,1977.81221410419,0,0,3406.86770952707,2016.79356748184,15
"253",253,0,390,10,0,363.008334401004,1977.98078103168,0,0,3371.33854992128,2016.79356748184,15
"254",254,0,390,10,0,420.533117445194,2008.99317641221,0,0,-3783.37795969906,2008.99317641221,12
"255",255,0,390,10,0,420.456367641040,2008.95543775593,0,0,-3773.86562831652,2008.95543775593,12
"256",256,0,390,10,0,420.37982853567,2008.91779396171,0,0,-3764.37942212106,2008.91779396171,12
"257",257,0,390,10,0,420.303499460085,2008.88024476913,0,0,-3754.9192581041,2008.88024476913,12
"258",258,0,390,10,0,420.227379747882,2008.84278991859,0,0,-3745.4850535782,2008.84278991859,12
"259",259,0,390,10,0,420.151468735236,2008.80542915133,0,0,-3736.07672617653,2008.80542915133,12
"260",260,0,390,10,0,420.075765760890,2008.76816220939,0,0,-3726.69419385076,2008.76816220939,12
"261",261,0,390,10,0,420.000270166138,2008.73098883564,0,0,-3717.33737487015,2008.73098883564,12
"262",262,0,390,10,0,419.924981294819,2008.69390877377,0,0,-3708.00618781951,2008.69390877377,12
"263",263,0,390,10,0,419.849898493303,2008.65692176825,0,0,-3698.7005515976,2008.65692176825,12
"264",264,0,390,10,0,419.775021110473,2008.62002756440,0,0,-3689.42038541645,2008.62002756440,12
"265",265,0,390,10,0,419.700348497722,2008.58322590831,0,0,-3680.16560879859,2008.58322590831,12
"266",266,0,390,10,0,419.625880008937,2008.54651654689,0,0,-3670.9361415769,2008.54651654689,12
"267",267,0,390,10,0,419.551615000485,2008.50989922785,0,0,-3661.73190389227,2008.50989922785,12
"268",268,0,390,10,0,419.477552831202,2008.47337369969,0,0,-3652.55281619223,2008.47337369969,12
"269",269,0,390,10,0,419.403692862385,2008.4369397117,0,0,-3643.39879922966,2008.4369397117,12
"270",270,0,390,10,0,419.330034457776,2008.40059701396,0,0,-3634.2697740612,2008.40059701396,12
"271",271,0,390,10,0,419.256576983553,2008.36434535734,0,0,-3625.16566204622,2008.36434535734,12
"272",272,0,390,10,0,419.18331980832,2008.32818449349,0,0,-3616.08638484464,2008.32818449349,12
"273",273,0,390,10,0,419.110262303086,2008.29211417485,0,0,-3607.03186441653,2008.29211417485,12
"274",274,0,390,10,0,419.037403841267,2008.25613415462,0,0,-3598.00202301932,2008.25613415462,12
"275",275,0,390,10,0,418.964743798663,2008.22024418678,0,0,-3588.99678320766,2008.22024418678,12
"276",276,0,390,10,0,418.892281553458,2008.18444402611,0,0,-3580.01606783103,2008.18444402611,12
"277",277,0,390,10,0,418.820016486199,2008.14873342811,0,0,-3571.05980003365,2008.14873342811,12
"278",278,0,390,10,0,418.747947979785,2008.11311214907,0,0,-3562.12790325149,2008.11311214907,12
"279",279,0,390,10,0,418.676075419469,2008.07757994606,0,0,-3553.22030121167,2008.07757994606,12
"280",280,0,390,10,0,418.604398192826,2008.04213657688,0,0,-3544.33691793172,2008.04213657688,12
"281",281,0,390,10,0,418.532915689764,2008.00678180010,0,0,-3535.47767771668,2008.00678180010,12
"282",282,0,390,10,0,418.461627302495,2007.97151537505,0,0,-3526.64250515972,2007.97151537505,12
"283",283,0,390,10,0,418.390532425534,2007.9363370618,0,0,-3517.83132513864,2007.9363370618,12
"284",284,0,390,10,0,418.319630455686,2007.90124662117,0,0,-3509.04406281619,2007.90124662117,12
"285",285,0,390,10,0,418.248920792037,2007.86624381474,0,0,-3500.28064363801,2007.86624381474,12
"286",286,0,390,10,0,418.178402835937,2007.83132840480,0,0,-3491.54099333165,2007.83132840480,12
"287",287,0,390,10,0,418.108075990998,2007.79650015442,0,0,-3482.8250379045,2007.79650015442,12
"288",288,0,390,10,0,418.037939663078,2007.76175882739,0,0,-3474.13270364349,2007.76175882739,12
"289",289,0,390,10,0,417.96799326027,2007.72710418822,0,0,-3465.46391711331,2007.72710418822,12
"290",290,0,390,10,0,417.898236192896,2007.69253600217,0,0,-3456.81860515476,2007.69253600217,12
"291",291,0,390,10,0,417.828667873493,2007.65805403522,0,0,-3448.19669488405,2007.65805403522,12
"292",292,0,390,10,0,417.759287716803,2007.62365805408,0,0,-3439.59811369148,2007.62365805408,12
"293",293,0,390,10,0,417.690095139765,2007.58934782619,0,0,-3431.02278923971,2007.58934782619,12
"294",294,0,390,10,0,417.621089561504,2007.55512311969,0,0,-3422.47064946267,2007.55512311969,12
"295",295,0,390,10,0,417.552270403316,2007.52098370347,0,0,-3413.9416225649,2007.52098370347,12
"296",296,0,390,10,0,417.483637088667,2007.48692934710,0,0,-3405.43563701921,2007.48692934710,12
"297",297,0,390,10,0,417.415189043175,2007.45295982088,0,0,-3396.95262156637,2007.45295982088,12
"298",298,0,390,10,0,417.346925694603,2007.41907489583,0,0,-3388.49250521325,2007.41907489583,12
"299",299,0,390,10,0,417.27884647285,2007.38527434366,0,0,-3380.05521723208,2007.38527434366,12
"300",300,0,390,10,0,417.210950809944,2007.35155793678,0,0,-3371.64068715876,2007.35155793678,12
"301",301,0,390,10,0,417.143238140023,2007.31792544834,0,0,-3363.24884479238,2007.31792544834,12
"302",302,0,390,10,0,417.075707899333,2007.28437665213,0,0,-3354.87962019306,2007.28437665213,12
"303",303,0,390,10,0,417.008359526216,2007.25091132270,0,0,-3346.5329436812,2007.25091132270,12
"304",304,0,390,10,0,416.9411924611,2007.21752923524,0,0,-3338.20874583653,2007.21752923524,12
"305",305,0,390,10,0,416.874206146492,2007.18423016566,0,0,-3329.90695749633,2007.18423016566,12
"306",306,0,390,10,0,416.807400026967,2007.15101389057,0,0,-3321.62750975507,2007.15101389057,12
"307",307,0,390,10,0,416.740773549151,2007.11788018723,0,0,-3313.37033396257,2007.11788018723,12
"308",308,0,390,10,0,416.674326161729,2007.08482883361,0,0,-3305.13536172253,2007.08482883361,12
"309",309,0,390,10,0,416.608057315414,2007.05185960836,0,0,-3296.92252489263,2007.05185960836,12
"310",310,0,390,10,0,416.541966462956,2007.01897229081,0,0,-3288.73175558169,2007.01897229081,12
"311",311,0,390,10,0,416.476053059127,2006.98616666094,0,0,-3280.56298615017,2006.98616666094,12
"312",312,0,390,10,0,416.410316560704,2006.95344249945,0,0,-3272.41614920822,2006.95344249945,12
"313",313,0,390,10,0,416.344756426476,2006.92079958768,0,0,-3264.29117761406,2006.92079958768,12
"314",314,0,390,10,0,416.27937211721,2006.88823770763,0,0,-3256.18800447435,2006.88823770763,12
"315",315,0,390,10,0,416.214163095671,2006.855756642,0,0,-3248.1065631406,2006.855756642,12
"316",316,0,390,10,0,416.149128826594,2006.82335617413,0,0,-3240.04678721093,2006.82335617413,12
"317",317,0,390,10,0,416.084268776677,2006.79103608802,0,0,-3232.0086105272,2006.79103608802,12
"318",318,0,390,10,0,416.019582414581,2006.75879616835,0,0,-3223.9919671735,2006.75879616835,12
"319",319,0,390,10,0,415.955069210912,2006.72663620044,0,0,-3215.99679147709,2006.72663620044,12
"320",320,0,390,10,0,415.890728638213,2006.69455597026,0,0,-3208.02301800513,2006.69455597026,12
"321",321,0,390,10,0,415.826560170966,2006.66255526444,0,0,-3200.07058156456,2006.66255526444,12
"322",322,0,390,10,0,415.762563285564,2006.63063387027,0,0,-3192.13941720182,2006.63063387027,12
"323",323,0,390,10,0,415.698737460322,2006.59879157567,0,0,-3184.22946019951,2006.59879157567,12
"324",324,0,390,10,0,415.635082175457,2006.56702816920,0,0,-3176.34064607791,2006.56702816920,12
"325",325,0,390,10,0,415.571596913082,2006.5353434401,0,0,-3168.47291059222,2006.5353434401,12
"326",326,0,390,10,0,415.508281157197,2006.5037371782,0,0,-3160.62618973205,2006.5037371782,12
"327",327,0,390,10,0,415.445134393682,2006.47220917400,0,0,-3152.80041972042,2006.47220917400,12
"328",328,0,390,10,0,415.382156110287,2006.44075921863,0,0,-3144.99553701236,2006.44075921863,12
"329",329,0,390,10,0,415.319345796626,2006.40938710385,0,0,-3137.21147829451,2006.40938710385,12
"330",330,0,390,10,0,415.256702944165,2006.37809262205,0,0,-3129.44818048335,2006.37809262205,12
"331",331,0,390,10,0,415.194227046217,2006.34687556624,0,0,-3121.70558072473,2006.34687556624,12
"332",332,0,390,10,0,415.131917597933,2006.31573573007,0,0,-3113.9836163924,2006.31573573007,12
"333",333,0,390,10,0,415.069774096289,2006.28467290782,0,0,-3106.28222508771,2006.28467290782,12
"334",334,0,390,10,0,415.007796040089,2006.25368689438,0,0,-3098.60134463723,2006.25368689438,12
"335",335,0,390,10,0,414.945982929944,2006.22277748525,0,0,-3090.94091309356,2006.22277748525,12
"336",336,0,390,10,0,414.884334268275,2006.19194447656,0,0,-3083.30086873273,2006.19194447656,12
"337",337,0,390,10,0,414.822849559294,2006.16118766506,0,0,-3075.68115005442,2006.16118766506,12
"338",338,0,390,10,0,414.761528309009,2006.1305068481,0,0,-3068.0816957797,2006.1305068481,12
"339",339,0,390,10,0,414.7003700252,2006.09990182365,0,0,-3060.50244485148,2006.09990182365,12
"340",340,0,390,10,0,414.639374217430,2006.06937239029,0,0,-3052.94333643207,2006.06937239029,12
"341",341,0,390,10,0,414.57854039702,2006.03891834719,0,0,-3045.40430990368,2006.03891834719,12
"342",342,0,390,10,0,414.51786807705,2006.00853949414,0,0,-3037.885304866,2006.00853949414,12
"343",343,0,390,10,0,414.457356772352,2005.97823563153,0,0,-3030.38626113631,2005.97823563153,12
"344",344,0,390,10,0,414.397005999496,2005.94800656034,0,0,-3022.90711874825,2005.94800656034,12
"345",345,0,390,10,0,414.336815276793,2005.91785208216,0,0,-3015.44781795028,2005.91785208216,12
"346",346,0,390,10,0,414.27678412427,2005.88777199917,0,0,-3008.00829920605,2005.88777199917,12
"347",347,0,390,10,0,414.216912063683,2005.85776611414,0,0,-3000.58850319144,2005.85776611414,12
"348",348,0,390,10,0,414.157198618494,2005.82783423043,0,0,-2993.18837079578,2005.82783423043,12
"349",349,0,390,10,0,414.09764331387,2005.797976152,0,0,-2985.8078431195,2005.797976152,12
"350",350,0,390,10,0,414.038245676674,2005.76819168338,0,0,-2978.44686147368,2005.76819168338,12
"351",351,0,390,10,0,413.979005235459,2005.73848062971,0,0,-2971.10536737898,2005.73848062971,12
"352",352,0,390,10,0,413.919921520460,2005.70884279668,0,0,-2963.78330256498,2005.70884279668,12
"353",353,0,390,10,0,413.860994063583,2005.67927799059,0,0,-2956.48060896917,2005.67927799059,12
"354",354,0,390,10,0,413.802222398406,2005.64978601831,0,0,-2949.19722873550,2005.64978601831,12
"355",355,0,390,10,0,413.743606060158,2005.62036668727,0,0,-2941.93310421463,2005.62036668727,12
"356",356,0,390,10,0,413.685144585731,2005.59101980549,0,0,-2934.68817796145,2005.59101980549,12
"357",357,0,390,10,0,413.626837513656,2005.56174518156,0,0,-2927.46239273604,2005.56174518156,12
"358",358,0,390,10,0,413.5686843841,2005.53254262464,0,0,-2920.25569150134,2005.53254262464,12
"359",359,0,390,10,0,413.510684738866,2005.50341194447,0,0,-2913.06801742238,2005.50341194447,12
"360",360,0,390,10,0,413.452838121377,2005.47435295133,0,0,-2905.89931386648,2005.47435295133,12
"361",361,0,390,10,0,413.395144076675,2005.44536545609,0,0,-2898.74952440100,2005.44536545609,12
"362",362,0,390,10,0,413.337602151408,2005.41644927016,0,0,-2891.61859279369,2005.41644927016,12
"363",363,0,390,10,0,413.280211893832,2005.38760420553,0,0,-2884.50646301066,2005.38760420553,12
"364",364,0,390,10,0,413.222972853793,2005.35883007474,0,0,-2877.41307921654,2005.35883007474,12
"365",365,0,390,10,0,413.16588458273,2005.33012669088,0,0,-2870.3383857731,2005.33012669088,12
"366",366,0,390,10,0,413.108946633662,2005.30149386761,0,0,-2863.28232723814,2005.30149386761,12
"367",367,0,390,10,0,413.052158561181,2005.27293141912,0,0,-2856.24484836556,2005.27293141912,12
"368",368,0,390,10,0,412.995519921455,2005.24443916018,0,0,-2849.22589410328,2005.24443916018,12
"369",369,0,390,10,0,412.939030272203,2005.21601690609,0,0,-2842.22540959401,2005.21601690609,12
"370",370,0,390,10,0,412.882689172707,2005.18766447268,0,0,-2835.24334017211,2005.18766447268,12
"371",371,0,390,10,0,412.826496183791,2005.15938167637,0,0,-2828.27963136534,2005.15938167637,12
"372",372,0,390,10,0,412.770450867825,2005.13116833408,0,0,-2821.33422889201,2005.13116833408,12
"373",373,0,390,10,0,412.71455278871,2005.10302426329,0,0,-2814.40707866139,2005.10302426329,12
"374",374,0,390,10,0,412.65880151188,2005.07494928203,0,0,-2807.49812677206,2005.07494928203,12
"375",375,0,390,10,0,412.603196604286,2005.04694320883,0,0,-2800.60731951199,2005.04694320883,12
"376",376,0,390,10,0,412.547737634396,2005.01900586280,0,0,-2793.73460335676,2005.01900586280,12
"377",377,0,390,10,0,412.492424172186,2004.99113706355,0,0,-2786.87992496943,2004.99113706355,12
"378",378,0,390,10,0,412.437255789135,2004.96333663124,0,0,-2780.04323119946,2004.96333663124,12
"379",379,0,390,10,0,412.382232058218,2004.93560438655,0,0,-2773.22446908187,2004.93560438655,12
"380",380,0,390,10,0,412.327352553898,2004.90794015069,0,0,-2766.42358583688,2004.90794015069,12
"381",381,0,390,10,0,412.272616852122,2004.8803437454,0,0,-2759.64052886856,2004.8803437454,12
"382",382,0,390,10,0,412.218024530310,2004.85281499294,0,0,-2752.87524576417,2004.85281499294,12
"383",383,0,390,10,0,412.16357516736,2004.82535371610,0,0,-2746.12768429349,2004.82535371610,12
"384",384,0,390,10,0,412.109268343629,2004.79795973817,0,0,-2739.39779240835,2004.79795973817,12
"385",385,0,390,10,0,412.055103640929,2004.77063288299,0,0,-2732.68551824146,2004.77063288299,12
"386",386,0,390,10,0,412.001080642531,2004.74337297489,0,0,-2725.99081010517,2004.74337297489,12
"387",387,0,390,10,0,411.947198933146,2004.71617983873,0,0,-2719.31361649202,2004.71617983873,12
"388",388,0,390,10,0,411.893458098925,2004.68905329986,0,0,-2712.65388607283,2004.68905329986,12
"389",389,0,390,10,0,411.839857727458,2004.66199318419,0,0,-2706.01156769613,2004.66199318419,12
"390",390,0,390,10,0,411.786397407753,2004.63499931808,0,0,-2699.38661038853,2004.63499931808,12
"391",391,0,390,10,0,411.733076730247,2004.60807152845,0,0,-2692.77896335163,2004.60807152845,12
"392",392,0,390,10,0,411.679895286786,2004.58120964269,0,0,-2686.18857596388,2004.58120964269,12
"393",393,0,390,10,0,411.626852670631,2004.55441348871,0,0,-2679.61539777789,2004.55441348871,12
"394",394,0,390,10,0,411.573948476444,2004.52768289493,0,0,-2673.05937852099,2004.52768289493,12
"395",395,0,390,10,0,411.521182300280,2004.50101769025,0,0,-2666.52046809381,2004.50101769025,12
"396",396,0,390,10,0,411.468553739596,2004.47441770408,0,0,-2659.99861656924,2004.47441770408,12
"397",397,0,390,10,0,411.416062393221,2004.44788276634,0,0,-2653.49377419300,2004.44788276634,12
"398",398,0,390,10,0,411.363707861375,2004.42141270743,0,0,-2647.00589138103,2004.42141270743,12
"399",399,0,390,10,0,411.311489745648,2004.39500735824,0,0,-2640.5349187208,2004.39500735824,12
"400",400,0,390,10,0,411.259407648996,2004.36866655017,0,0,-2634.08080696912,2004.36866655017,12
"401",401,0,390,10,0,411.207461175743,2004.34239011510,0,0,-2627.64350705187,2004.34239011510,12
"402",402,0,390,10,0,411.155649931564,2004.31617788540,0,0,-2621.22297006367,2004.31617788540,12
"403",403,0,390,10,0,411.103973523489,2004.29002969392,0,0,-2614.81914726636,2004.29002969392,12
"404",404,0,390,10,0,411.052431559891,2004.26394537402,0,0,-2608.43199008925,2004.26394537402,12
"405",405,0,390,10,0,411.001023650486,2004.23792475952,0,0,-2602.06145012765,2004.23792475952,12
"406",406,0,390,10,0,410.949749406320,2004.21196768473,0,0,-2595.70747914263,2004.21196768473,12
"407",407,0,390,10,0,410.898608439771,2004.18607398444,0,0,-2589.37002906009,2004.18607398444,12
"408",408,0,390,10,0,410.847600364542,2004.16024349392,0,0,-2583.04905197006,2004.16024349392,12
"409",409,0,390,10,0,410.796724795647,2004.13447604892,0,0,-2576.74450012663,2004.13447604892,12
"410",410,0,390,10,0,410.74598134942,2004.10877148566,0,0,-2570.45632594600,2004.10877148566,12
"411",411,0,390,10,0,410.695369643496,2004.08312964084,0,0,-2564.18448200727,2004.08312964084,12
"412",412,0,390,10,0,410.644889296812,2004.05755035163,0,0,-2557.92892105056,2004.05755035163,12
"413",413,0,390,10,0,410.594539929606,2004.03203345567,0,0,-2551.68959597676,2004.03203345567,12
"414",414,0,390,10,0,410.5443211634,2004.00657879107,0,0,-2545.46645984765,2004.00657879107,12
"415",415,0,390,10,0,410.494232621006,2003.98118619641,0,0,-2539.25946588382,2003.98118619641,12
"416",416,0,390,10,0,410.444273926514,2003.95585551074,0,0,-2533.06856746502,2003.95585551074,12
"417",417,0,390,10,0,410.394444705287,2003.93058657356,0,0,-2526.89371812904,2003.93058657356,12
"418",418,0,390,10,0,410.344744583963,2003.90537922484,0,0,-2520.73487157136,2003.90537922484,12
"419",419,0,390,10,0,410.295173190436,2003.88023330502,0,0,-2514.59198164456,2003.88023330502,12
"420",420,0,390,10,0,410.245730153866,2003.855148655,0,0,-2508.46500235671,2003.855148655,12
"421",421,0,390,10,0,410.196415104663,2003.83012511612,0,0,-2502.35388787237,2003.83012511612,12
"422",422,0,390,10,0,410.147227674488,2003.80516253020,0,0,-2496.25859251054,2003.80516253020,12
"423",423,0,390,10,0,410.098167496242,2003.78026073949,0,0,-2490.17907074483,2003.78026073949,12
"424",424,0,390,10,0,410.049234204068,2003.75541958672,0,0,-2484.11527720217,2003.75541958672,12
"425",425,0,390,10,0,410.000427433343,2003.73063891505,0,0,-2478.06716666293,2003.73063891505,12
"426",426,0,390,10,0,409.951746820666,2003.70591856811,0,0,-2472.03469406013,2003.70591856811,12
"427",427,0,390,10,0,409.903192003867,2003.68125838997,0,0,-2466.01781447761,2003.68125838997,12
"428",428,0,390,10,0,409.854762621987,2003.65665822513,0,0,-2460.01648315147,2003.65665822513,12
"429",429,0,390,10,0,409.806458315287,2003.63211791858,0,0,-2454.03065546761,2003.63211791858,12
"430",430,0,390,10,0,409.758278725233,2003.60763731571,0,0,-2448.06028696265,2003.60763731571,12
"431",431,0,390,10,0,409.71022349449,2003.58321626238,0,0,-2442.10533332197,2003.58321626238,12
"432",432,0,390,10,0,409.662292266932,2003.55885460487,0,0,-2436.16575037939,2003.55885460487,12
"433",433,0,390,10,0,409.614484687618,2003.53455218993,0,0,-2430.24149411793,2003.53455218993,12
"434",434,0,390,10,0,409.566800402797,2003.51030886472,0,0,-2424.33252066743,2003.51030886472,12
"435",435,0,390,10,0,409.519239059905,2003.48612447686,0,0,-2418.43878630445,2003.48612447686,12
"436",436,0,390,10,0,409.471800307553,2003.46199887439,0,0,-2412.56024745229,2003.46199887439,12
"437",437,0,390,10,0,409.42448379553,2003.43793190578,0,0,-2406.69686067986,2003.43793190578,12
"438",438,0,390,10,0,409.377289174793,2003.41392341995,0,0,-2400.84858270111,2003.41392341995,12
"439",439,0,390,10,0,409.330216097463,2003.38997326625,0,0,-2395.0153703749,2003.38997326625,12
"440",440,0,390,10,0,409.283264216823,2003.36608129444,0,0,-2389.19718070346,2003.36608129444,12
"441",441,0,390,10,0,409.236433187309,2003.34224735473,0,0,-2383.39397083306,2003.34224735473,12
"442",442,0,390,10,0,409.189722664509,2003.31847129775,0,0,-2377.60569805224,2003.31847129775,12
"443",443,0,390,10,0,409.143132305158,2003.29475297456,0,0,-2371.83231979207,2003.29475297456,12
"444",444,0,390,10,0,409.09666176713,2003.27109223662,0,0,-2366.07379362506,2003.27109223662,12
"445",445,0,390,10,0,409.050310709436,2003.24748893585,0,0,-2360.33007726507,2003.24748893585,12
"446",446,0,390,10,0,409.004078792226,2003.22394292456,0,0,-2354.601128566,2003.22394292456,12
"447",447,0,390,10,0,408.957965676766,2003.20045405551,0,0,-2348.8869055226,2003.20045405551,12
"448",448,0,390,10,0,408.911971025456,2003.17702218184,0,0,-2343.18736626786,2003.17702218184,12
"449",449,0,390,10,0,408.866094501807,2003.15364715715,0,0,-2337.50246907467,2003.15364715715,12
"450",450,0,390,10,0,408.82033577045,2003.13032883543,0,0,-2331.83217235320,2003.13032883543,12
"451",451,0,390,10,0,408.77469449712,2003.10706707108,0,0,-2326.17643465213,2003.10706707108,12
"452",452,0,390,10,0,408.729170348662,2003.08386171894,0,0,-2320.53521465683,2003.08386171894,12
"453",453,0,390,10,0,408.683762993020,2003.06071263422,0,0,-2314.90847118938,2003.06071263422,12
